Job No.,Project Name,Address,Permit,Contractor,Cell Phone,Project Manager,
19-0096,#18002,"357 NW 77th St, Seattle",6652338-CN,Sage Homes N.W.,(206) 660-3446,Isaac,
18-0886,113 Row Houses,"1340 14th Avenue S, Seattle",6615859,"Green City Development, L",(206) 378-8590,Isaac,
19-0072,1201 Alaskan Way Video Survey & Crack M,"1201 Alaskan Way, Seattle",,"Martin Smith, Inc.",,Jeff,
17-0260,1222 NE 65th Street,"1222 NE 65th Street, Seattle",6538040,"Blueprint Capital Services,",(425) 530-6061,Jeff,
18-1056,1332 South Pearl Street,"1332 South Pearl Street, Seattle",,,,Scott,
18-0029b,15th Avenue NW - South Parcel,"8009 15th Ave NW, Seattle",6494943,Sage Homes N.W.,(425) 919-2247,Jeff,
18-0552,168 Investment Projects,"2207 2nd Ave, Seattle",6595902-CN,"Constantine Builders, Inc.",206-601-0920,Jeff,
18-0908,1700 Residence,"1700 17th Ave E, Seattle",6681675-CN,"McKinney Group, Inc.",(206) 300-9550,Jeff,
16-0091,1701 Project,"1701 37th Avenue, Seattle",6300390,"White's Investments, LLC",(509) 421-1845,Jeff,
18-1051,1917 13th Ave S (SEA_145-150),"1917 13th Avenue South, Seattle",6547090,Green Canopy Homes,(206) 550-5030,Walter,
18-0983,"2018 Arterial Asphalt and Concrete, Packag","Beacon Hill, Various Locations, Seattle",,KC Equipment,(206) 380-4649,Jeff,
18-1059,2018 Big Rock Ballfield Restrooms,"28430 NE Big Rock Road, Duvall",,,,Isaac,
18-0514,2142 Residence,"2142 NW 201st Street, Shoreline",SFR17-0659,"Richmond Homes, LLC",(206) 683-5217,Jeff,
18-0343,2144 Residence,"2144 NW 201st Street, Shoreline",SFR17-0661,"Richmond Homes, LLC",(206) 683-5217,Jeff,
18-0565,2161 Harbor Avenue Southwest,"2161 Harbor Ave SW, Seattle",6466834,TCP Homes LLC,(425) 320-7848,Jeff,
18-0565a,2167 Harbor Avenue Southwest,"2167 Harbor Ave SW, Seattle",6411296,TCP Homes LLC,(425) 320-7848,Jeff,
18-0984,2307 23rd Avenue South Residence,"2307 23rd Ave S, Seattle",,,,Scott,
19-0049,2361 Minor Avenue East (Nest Project),"2361 Minor Ave E, Seattle",6605757-CN,Versatile Drilling Contractor,(206) 478-0450,Jeff,
19-0050,2371 Minor Avenue East (Nest Project),"2371 Minor Ave E, Seattle",6605758-CN,Versatile Drilling Contractor,(206) 478-0450,Jeff,
18-0925,24th Avenue (6707),"6707 24th Ave NW, Seattle",6638328-CN,"Insignia Construction, LLC",(206) 866-4258,Isaac,
18-0925a,24th Avenue (6709),"6709 24th Avenue NW, Seattle",6638325-CN,"Insignia Construction, LLC",(206) 866-4258,Isaac,
18-0464,2519 NE 82nd Street,"2519 NE 82nd St, Seattle",6571738,,,Scott,
19-0076,2521 NW 92nd Residence,"2521 NW 92nd St, Seattle",6604128-CN,NW Contour Building Comp,(425) 766-9815,Jeff,
18-0465,2525 NE 82nd Street,"2525 NE 82nd St, Seattle",6571739,,,Scott,
18-0898,26' Ballast Deck Approach Span and Open,"@ Rainier Welding, Redmond",,,,Walter,
17-0908b,26th Avenue Townhomes – 119 Lot,"119 26th Avenue East, Seattle",6577054,C A James,(206) 948-5423,Isaac,
17-0908c,26th Avenue Townhomes – 123 Lot,"123 26th Avenue East, Seattle",6575734,C A James,(206) 948-5423,Isaac,
17-0908,26th Avenue Townhomes - East Lot,"111 26th Avenue E, Seattle",6492073,C A James,(206) 948-5423,Isaac,
17-0908a,26th Avenue Townhomes - West Lot,"115 26th Avenue E, Seattle",6564684,C A James,(206) 948-5423,Isaac,
17-0235,3050 SW Avalon Way (Avalon Ave Micro H,"3050 SW Avalon Way, Seattle",6327295,"McDowell Northwest, Inc.",(206) 890-8790,Walter,
18-1070,3251 West Commodore Way (SEA_175-179,"3251 West Commodore Way, Seattle",6602117,Green Canopy Homes,,Walter,
19-0059,3303 31st Avenue SW,"3303 31st Ave SW, Seattle",,,,Scott,
18-0275,333 Residence,"333 25th Avenue E, Seattle",6458069,"Dao Property Development,",(206) 226-2557,Isaac,
19-0084,3408 East Laurelhurst Drive NE,"3408 E Laurelhurst Dr NE, Seattle",,,,Scott,
18-0655,34307 SE 270th Street,"34307 SE 270th Street, Ravensdale",DWEL18-0111,"Coons, David",(206) 769-9776,Jeff,
18-0236,3617 73rd Avenue SE,"3617 73rd Ave SE, Mercer Island",1704207,"Green City Development, L",(206) 437-8590,Jeff,
18-0205,4025 Stone Way N (Job #1801),"4025 Stone Way North, Seattle",6586498,"Village Builders, LLC",(206) 240-8997,Jeff,
17-0889a,403 Dexter Apartments - Structural,"403 Dexter Avenue N, Seattle",6561170,"Synergy Construction, Inc.",(206) 510-0136,Jeff,
17-0868,4116 E. Madison Street,"4116 E. Madison Street, Seattle",6542967,,,Isaac,
18-1038,4117 Short Plat - Lot A,"4111 83rd Avenue SE, Mercer Island",1708-317,"SeaScape Homes, LLC",(206) 972-9950,Jeff,
19-0040,4509 116th Ave SE,"4509 116th Ave SE, Bellevue",,,,Scott,
18-0621,500 Pacific Project,"500 Pacific Avenue, Bremerton",BB17-00270,Applied Restoration Inc.,360 359 8511,Isaac,
18-0513,51 University Building - Video Survey,"51 University, Seattle",,,(206) 423-3471,Jeff,
17-0621,510 Broadway Avenue,"510 Broadway Avenue, Seattle",6604172,STS Construction Services,(206) 551-8683,Jeff,
18-0903,519 Main Street Project,"519 Main Street, Edmonds",BLD2018-0727,"Build Love Global, LLC",(206) 579-1575,Walter,
19-0066,52nd Place Residence,"8720 SE 52nd Place, Mercer Island",1702-059,"Build Urban, LLC",,Jeff,
18-1042,5445 Residence,"5445 Fauntleroy Way SW, Seattle",6614244,"Palany Group, LTD",(253) 347-6910,Isaac,
18-0412,5936 36th Avenue South SIP,"5936 36th Ave S, Seattle",304826,"Ashworth Homes, LLC",425-350-4081,Jeff,
18-0685,6 Unit Townhomes Shoreline,"1117 N 199th St, Shoreline",MFR17-0781,AIM Construction and Devel,(425) 421-1885,Jeff,
18-0932,600 East Howell Street,"600 East Howell Street, Seattle",6584375-CN,Ryatt Construction,,Isaac,
19-0041,6725 Mary Avenue NW,"6725 Mary Avenue NW, Seattle",6597678,Turnkey Builders,206-353-1361,Jeff,
18-0994,6731 Mary Avenue NW,"6731 Mary Avenue NW, Seattle",6621031,Turnkey Builders,206-353-1361,Jeff,
18-0972,6732 15th Avenue NW,"6732 15th Ave NW, Seattle",6596140,Turnkey Builders,(206) 353-1361,Jeff,
18-1089,6747 15th Avenue NW Townhouse,"6747 15th Avenue Northwest, Seattle",6615840,Ace Construction Services,(253) 219-5095,Jeff,
18-1054,6th & Holgate Seismic Retrofit,"1950 6th Ave S, Seattle",6625867-CN,"Precision Builders, Inc.",(206) 396-1527,Isaac,
18-0416,6th Street Signal Projects,"6th St & 9th St and 9th St & Kirkland Way, Kirk",,"Johansen Excavating, Inc.",,Anthony,
12-0157,700 Dexter Avenue N Shoring,"700 Dexter Avenue N, Seattle",DPD:6319277 / S,,,Anthony,
19-0073,701 Apartments,"701 16th Ave, Seattle",6554864-CN,Rush Commercial Construct,,Walter,
18-0600,7020 View Ridge Residence,"7020 54th Avenue NE, Seattle",6630108,"Approach Build, LLC",(425) 478-1245,Isaac,
18-0549,8256 Residence,"8256 Northrop Place SW, Seattle",6595380,JMS Homes,(206) 949-5027,Isaac,
19-0055,8260 Residence,"8260 Northrop Place, Seattle",6595364,JMS Homes,(206) 949-5027,Isaac,
17-0513,8559 Mary Avenue NW Project,"8559 Mary Avenue NW, Seattle",6486960,Sensa Homes,(626) 716-2550,Isaac,
18-0752,906 North 46th Street,"906 N 46th St, Seattle",6593274-CN,"Domus Homes, LLC",(206) 235-6783,Isaac,
18-0956,920 Broadway,"920 Broadway, Seattle",6593595,"Shelter Homes, LLC",(206) 401-4301,Jeff,
17-0699,928 NW Leary Way Mixed-Use Building,"928 NW Leary Way, Seattle",6555893,"Fuller Anderson Co., Inc.",(206) 730-7392,Walter,
18-0907,9514 8th Avenue NW,"9514 8th Avenue NW, Seattle",6652548,MRJ Constructors,(206) 499-1009,Walter,
18-0981,Aamodt Residence,"6028 38th Ave NE, Seattle",6593603,JC Mac Construction,(425) 246-5130,Jeff,
19-0085,ACD Building C,"10007 234th Avenue East, Bonney Lake",BLD-2018-08624,Auburn Commercial Develo,(253) 261-8832,Walter,
18-0476,ACD Building D,"9900 234th Avenue, Bonney Lake",8113,Auburn Commercial Develo,(253) 261-8832,Walter,
18-1048,Adams Residence Remodel,"16422 SE 17th Street, Bellevue",18-112340 BR,Noble Ridge Construction,(206) 686-1841,Isaac,
18-0661,AGC Biologics,"2210 220th Street SE, Bothell",BNR2018-19301,"BN Builders, Inc.",(206) 300-0299,Isaac,
19-0007,AGC of Washington 2nd Floor Infill,"1200 Westlake Avenue N, Seattle",6688865,"Pulcon, Inc.",(206) 851-2254,Isaac,
18-0295,Airport Dining & Retail Infrastructure Modific,"Central Terminal, SeaTac International Airport,",17 10539,Osborne Construction Com,(425) 553-5347,Isaac,
18-0295a,Airport Dining & Retail Infrastructure Modific,"Central Terminal, SeaTac International Airport,",17-10540,Osborne Construction Com,(425) 736-9319,Isaac,
18-0843,Alan Dishlip Residence,"1944 NW Blue Ridge Drive, Seattle",6621080-CN,"McDowell NW Pile King, Inc",(206) 386-1026,Isaac,
18-0209,Alberta J Canada Bldg,"1114 South 11th Street, Tacoma",BLD CA17-0252,"CDK Construction Services,",,Jeff,
18-0777,Alki Capital,"6504 SW Stevens St, Seattle",6610950,Chieftain LLC,(206) 261-3527,Isaac,
17-0241,Allegre Villa - Hillside to the South,"207 E. Walnut Street, Winlock",,,,Scott,
18-0494,Amazon Brazil SEA 53 (Block 45),"400 9th Avenue N, Seattle",(pending),"Hermanson Company, LLP",(425) 466-1119,Jeff,
17-0617,Amtrak KSCY Locomotive Facility,"187 S. Holgate Street, Seattle",N/A,"PCL Construction Services,",,Walter,
18-0943,Anderson Residence Foundation Repair,"5042 29th Avenue South, Seattle",,,,Scott,
18-0920,Anthropoligie Store,"2520 NE University Village St, Suite 120, Seatt",,Action Special Inspections,(503) 381-6329,Jeff,
17-0546,Assisted Living,"5214 42nd Avenue South, Seattle",6547394,"Marpac Construction, LLC",(206) 890-8737,Isaac,
18-0432,Auto Nation Carwash & Auto Detail Facility (,"2221 120th Ave NE, Bellevue",17 107594 BM,"Foushee and Associates, In",(425) 417-5238,Walter,
18-0184,Auto Nation Mercedes-Benz of Bellevue - H,"11850 Bel-Red Road, Bellevue",,,(805) 665-7194,Isaac,
18-0950,Automated Equipment Co. Crane Brackets,"10828 East Marginal Way South, Tukwila",D18-0260,Automated Gates & Equipm,(206) 767-9080,Isaac,
18-0962,Azalea Residence,"143 7th Ave, Kirkland",BSF16-01327,"Build Urban, LLC",(206) 719-6239,Isaac,
18-0385,B-26 Renovation Health and Life Sciences,"2400 S. 240th Street, Des Moines",BLD2017-0383,"Pease Construction, Inc.",,Jeff,
17-0944,Ballard 8,"1436 NW 60th Street, Seattle",6581975,"Dacoda Homes, Inc.",(206) 777-5892,Jeff,
17-0671,Ballinger Heated Storage,"20029 19th Avenue NE, Shoreline",COM17-0037,"JPR Construction, Inc.",(425) 343-7157,Walter,
18-0695,Bamford Residence,"6400 60th Place South, Seattle",6604399,Dovetail General Contractor,206-551-2169,Isaac,
18-0244,Baty Residence,"6435 NE Windermere Road, Seattle",6574420,Joseph McKinstry Construct,,Jeff,
18-0479,Bear Creek Apartments,"15810 Bear Creek Parkway, Redmond",BLDG-2017-0092,Fairfield Development L.P.,(206) 370-2796,Walter,
18-0963,Begonia Residence,"139 7th Ave, Kirkland",BSF16-01328,"Build Urban, LLC",(206) 719-6239,Isaac,
17-0202b,Bellevue 3 - Lot 1,"10333 10th Street SE, Bellevue",16141221-BS,"RM Homes, LLC",(425) 491-1354,Walter,
17-0202a,Bellevue 3 - Lot 3,"1013 104th Avenue SE, Bellevue",,"RM Homes, LLC",(253) 486-8622,Walter,
18-0199,Bellevue 8 - East,"10720 SE 2nd Street, Bellevue",16-126508 BB,Envision Northwest,(541) 706-1527,Jeff,
17-0979,Bellevue BMW,"11959 Northup Way, Bellevue",17-110859 BB,"Foushee and Associates, In",(425) 417-5238,Jeff,
17-0979a,Bellevue BMW – Braced Frames TI,"11959 Northup Way, Bellevue",18-102931 BZ,"Foushee and Associates, In",(425) 417-5238,Jeff,
18-1002,Bennett Residence Addition,"166 NW 60th St, Seattle",6666037-CN,STS Construction Services,(206) 707-6734,Isaac,
18-0817,Bertch Residence,"1027 14th Place West, Kirkland",BSF18-02669,"DLH, Inc.",(425) 214-2402,Jeff,
18-1041,Big Rock Industries Misc. 2018,"17391 Tye ST SE, Monroe",,,(360) 794-2102,Isaac,
18-0584,Birk Residence,"5171 S. Spencer St., Seattle",6600589,"Remodel Pros, LLC",(253) 263-0049,Jeff,
19-0032,Black Rooster Restaurant T.I.,"1083 Lk Washington Blvd N, #50, Renton",BL8000369,,,Walter,
16-0866,Block 11 - Structural,"1255 Harrison Street, Seattle",6450010,"Exxel Pacific, Inc.",253-359-6218,Jeff,
17-0064,Block 25 - All buildings/phases,"Fairview Avenue/Boren Avenue, Seattle",,"GLY Construction, Inc.",,Jeff,
17-0064c,Block 25E - Structural,"609 Fairview Avenue North, Seattle",6471434,"GLY Construction, Inc.",(425) 765-0283,Jeff,
18-0428a,"Block 25E TI - levels 1, 1.5, 6 Tenant Impro","630 Boren Avenue, Seattle",6552571,"GLY Construction, Inc.",,Jeff,
18-0428,Block 25E TI - levels 3-6 Alterations and Sta,"630 Boren Avenue North, Seattle",6620209,"GLY Construction, Inc.",,Jeff,
17-0064d,Block 25W - Structural,"630 Boren Avenue North, Seattle",6528917,"GLY Construction, Inc.",(425) 998-3879,Jeff,
18-0427,Block 25W TI - Google Level 2-6,"630 Boren Avenue North, Seattle",6643847,"GLY Construction, Inc.",,Jeff,
18-0427a,Block 25W TI - Lecture Room at level 1,"630 Boren Avenue North, Seattle",6552573,"GLY Construction, Inc.",,Jeff,
17-0068a,Block 31 - Structural,"625 Boren Avenue North, Seattle",6528924,"GLY Construction, Inc.",(425) 998-3879,Jeff,
18-0511a,Block 31 TI - Google Tenant Improvements,"630 Boren Avenue North, Seattle",6613341,"GLY Construction, Inc.",,Jeff,
18-0511,Block 31 TI - Levels 1-5 Alterations & Stairs,"630 Boren Avenue North, Seattle",6620212-CN,"GLY Construction, Inc.",,Jeff,
17-0217,Block 47,"910 John Street, Seattle",6462238,WG Clark Construction Co,(206) 255-7038,Jeff,
16-0867a,Block 52 West - Structural,"300 8th Avenue North, Seattle",6355538,"Lease Crutcher Lewis, Inc.",,Jeff,
18-1060,BNSF Connell Bridge Structural Evaluation,"BNSF Bridge LS46 MP 104.5, Connell",,,(206) 588-8124,Jeff,
18-0853,Boeing - Airplane Stall Expansion A6,"6505 Perimeter Road South, Seattle",,Gary Merlino Construction,(206) 255-2623,Walter,
14-0481,Boeing - Bldg. 17-06 - Install High Speed Sp,"Bldg. 17-06, Auburn",ALT14-0040,"Lease Crutcher Lewis, Inc.",(206) 660-8538,Walter,
18-0868,Boeing - Bldg. 17-06 Laser Ablation,"Building 17-06, Column C-D/2-3, Auburn",TEN18-0066,Omega Industrial Contractor,(425) 736-1131,Walter,
18-0995,Boeing - Bldg. 17-06 Rinse Tank,"Bldg 17-06, Auburn",,Auburn Mechanical,(206) 730-4964,Walter,
16-0637,Boeing - Bldg. 17-06 Spar Check Fixtures -,"Bldg. 17-06, Auburn",,Clements General Construc,,Walter,
16-0009,Boeing - Bldg. 17-07 Dual Gantry Foundatio,"Bldg. 17-07, Auburn",,Advanced Technology Cons,(360) 515-6206,Walter,
17-0998,Boeing - Bldg. 17-07 Install Generator,"Bldg. 17-07, Auburn",,Clements General Construc,,Walter,
18-1019,Boeing - Bldg. 17-08 E-Coat Process Tank,"Bldg. 17-08, Auburn",,Clements General Construc,(206) 391-7671,Walter,
18-1039,Boeing - Bldg. 17-08 Install Safety Cells,"Building 17-08, Columns F-K/1-7, Auburn",TEN18-0227,Applied Manufacturing Tech,(810) 955-1540,Walter,
18-0992,Boeing - Bldg. 17-08 Robot Relocation,"Bldg. 17-08, Auburn",,Clements General Construc,(206) 255-1034,Walter,
19-0004,Boeing - Bldg. 17-10 Detrex Clean Line Rep,"Bldg. 17-10, Auburn",,,206-255-7486,Walter,
19-0048,Boeing - Bldg. 17-10 EO Robotic Deburr Inst,"Bldg. 17-10, Auburn",,,,Walter,
18-0946,Boeing - Bldg. 17-10 Install Four Walter Gri,"Bldg. 17-10, Auburn",,Omega General Contractors,(425)736-1131,Walter,
16-0688,Boeing - Bldg. 17-10 Replace Coating Cham,"Bldg. 17-10 Col. A-B/5-6, Auburn",,,,Walter,
19-0088,Boeing - Bldg. 17-10 Temporary Robot Insta,"Building 17-10, Auburn",,,,Walter,
18-0947,Boeing - Bldg. 17-12 PSCC / Moonshine Ph,"Bldg. 17-12, Auburn",,Omega Riggers & Erectors,206-255-7486,Walter,
18-0538,Boeing - Bldg. 17-45 BAM,"Bldg. 17-45, Auburn",TEN18-0174 TEN,"Dahlgren Industrial, Inc.",(206) 437-0406,Walter,
18-1009,Boeing - Bldg. 17-45 IAS LMS Work Cell,"Bldg. 17-45, Auburn",TEN18-0143,Clements General Construc,(206) 391-7671,Walter,
18-1020,Boeing - Bldg. 17-45 Labs,"Bldg. 17-45, Auburn",N/A,Omega Riggers & Erectors,(206) 255-2507,Walter,
18-1082,Boeing - Bldg. 17-45 Penetrant Booth Fall P,"Building 17-45, Auburn",(pending),Clements General Construc,(206) 793-5326,Walter,
18-0998,Boeing - Bldg. 17-45 Rack Inspection,"Bldg. 17-45, Door 12, Auburn",TEN18-0187,,,Walter,
18-1091,Boeing - Bldg. 17-62 Relocate H51 AC Pack,"Building 17-62, Auburn",,"Dahlgren Industrial, Inc.",(206) 423-9084,Walter,
18-0980,Boeing - Bldg. 17-62 Replace Tubing Bende,"Bldg. 17-62, Auburn",,Clements General Construc,(206) 391-7671,Walter,
19-0035,Boeing - Bldg. 17-66 RMD Solvent Bottling,"Building 17-66, Auburn",n/a,,,Walter,
18-1088,Boeing - Bldg. 17-68 Laser Fume Extractor,"Bldg. 17-45, Auburn",n/a,Omega Riggers & Erectors,(360) 790-6702,Walter,
18-0106,Boeing - Bldg. 17-88 ORC,"Bldg. 17-88 (S. end of Boeing), Auburn",BLD17-0256,"Lease Crutcher Lewis, Inc.",,Walter,
18-1027,Boeing - Bldg. 2-088 Install Mazak HCN 108,"8123 East Marginal Way South, Tukwila",D18-0319,Washington Patriot Constru,(253) 549-3680,Walter,
18-1031,Boeing - Bldg. 2-25 Plant 2 Replace Chiller,"Building 2-25, Tukwila",,,253-229-6077,Walter,
18-1066,Boeing - Bldg. 24-50A Remove Utility Supp,"Building 24-50A, Fredrickson",900412,Schuchart Corporation,,Walter,
18-0350,Boeing - Bldg. 24-60 Makino T-Chord Mill C,"Bldg. 24-60, Frederickson",881546,"Lease Crutcher Lewis, Inc.",(253) 255-5284,Walter,
19-0069,Boeing - Bldg. 24-60 Utilities & Foundation-,"Bldg. 24-60, Frederickson",,Clements General Construc,(206) 7934260,Walter,
18-0975,Boeing - Bldg. 24-60 VPAL Racks,"Building 24-60, Frederickson",,Clements General Construc,,Walter,
18-0985,Boeing - Bldg. 40-02 Runway End Beam,"Building 40-02, Wing Spar 2B Cranes, Everett",,General Construction Comp,,Walter,
18-0497,Boeing - Bldg. 40-04 / 40-41 Compressed Ai,"Building 40-04, Everett",,IMCO General Construction,360-410-8035/360,Walter,
19-0087,Boeing - Bldg. 40-22 Everett Site HVAC Re,"Building 40-22, Everett",n/a,Schuchart Corporation,,Walter,
18-0213,Boeing - Bldg. 40-22 LRA Relocation FAMB,"Bldg 40-22, Everett",,General Construction,(425) 330-3117,Walter,
18-0773,Boeing - Bldg. 40-23 Compressor-Drier Proj,"Building 40-23, Everett",,General Construction Comp,,Walter,
18-1057,Boeing - Bldg. 40-25 Doorway Canopy Supp,"Building 40-25, Everett",,General Construction Comp,(360) 815-2387,Walter,
18-0923,Boeing - Bldg. 40-25 Emergency Repair,"Bldg. 40-25, Everett",,General Construction,,Walter,
18-0197,Boeing - Bldg. 40-25 Final Body Join (FBJ),"Bldg. 40-25, Everett",,General Construction Comp,(360) 815-2387,Walter,
18-0084,Boeing - Bldg. 40-25 FT – 777 Wing Body J,"Bldg. 40-025, Everett",,General Construction Comp,(360) 815-2387,Walter,
18-0873,Boeing - Bldg. 40-25 FT 777x SI Guide Mod,"40-25, Everett",,General Construction Comp,,Walter,
18-0445,Boeing - Bldg. 40-25 FT Wing Body Join (M,"Bldg. 40-25, Everett",,General Construction Comp,(360) 815-2387,Walter,
19-0005,Boeing - Bldg. 40-25 Mobile Containment S,"Building 40-25, Everett",,University Mechanical Contr,(206) 556-5020,Walter,
18-0809,Boeing - Bldg. 40-25 Wing Body Join Temp,"Building 40-25, Everett",,General Construction Comp,,Walter,
18-1074,Boeing - Bldg. 40-31 Water Heater Replace,"Building 40-31, Everett",,Greenberry Industrial,(360) 739-8262,Walter,
17-0242,Boeing - Bldg. 40-35 Factory Transformatio,"Bldg. 40-35, Everett",B1703-044 & B16,General Construction Comp,425-314-2726,Walter,
18-0860,Boeing - Bldg. 40-37 Paint Cell SSG Sump,"Bldg. 40-37, Everett",,Washington Patriot Constru,,Walter,
18-0027,Boeing - Bldg. 40-41 777x Fatigue Structure,"Bldg. 40-41, Everett",B1712-026,Skanska USA Commercial,(206) 799-7710,Walter,
19-0053,Boeing - Bldg. 40-56 Flange Weld Repair,"Building 40-56, CV-A-5, Everett",,University Mechanical Contr,(206) 255-4969,Walter,
18-1058,Boeing - Bldg. 40-56 Pressure Piping,"Building 40-56, Column H-J/.5-1, Everett",,University Mechanical Contr,(206)255-4969,Walter,
18-1047,Boeing - Bldg. 40-56 Sunken Manhole Repai,"Bldg. 40-56, Everett",,IMCO General Construction,,Walter,
14-0520,Boeing - Bldg. 40-58 777 Site Prep,"Bldg. 40-58, Everett",PW 1405-038 (sit,Hoffman Construction Com,,Walter,
16-0622,Boeing - Bldg. 40-58 777X Hydronic Heating,"Bldg. 40-58, Everett",,,,Walter,
18-0666,Boeing - Bldg. 40-58 Autoclave Phase 2,"Bldg. 40-58, Everett",,Hoffman Construction Com,,Walter,
18-1024,Boeing - Bldg. 40-58 Crane Rail Hangar Bolt,"Building 40-58 PCA Side, See Gridlines Below,",,,(503) 572-6863,Walter,
18-1075,Boeing - Bldg. 40-58 HPS & PC Isolation Va,"Building 40-58 Tunnel, Everett",,Greenberry Industrial,(360) 739-8262,Walter,
18-0460,Boeing - Bldg. 40-58 PFL Spar Lamination,"Bldg. 40-58, Everett",,Hoffman Construction,,Walter,
18-0832,Boeing - Bldg. 40-58 PGF Stringer Radius F,"Bldg. 40-58, Everett",,Hoffman Construction Com,,Walter,
18-0561,Boeing - Bldg. 40-58 PGO Stringer Hand/Bl,"Bldg. 40-58, Everett",,Hoffman Construction Com,,Walter,
18-1072,Boeing - Bldg. 40-58 PHB Stringer Bond Ass,"Building 40-58, Everett",,M. Torres America,,Walter,
18-0665,Boeing - Bldg. 40-58 PHL Skin/Panel Lamin,"Bldg. 40-58 (Cells 3 & 4), Everett",,Hoffman Construction Com,,Walter,
17-0696,Boeing - Bldg. 40-58 PHP-2 Panel Paint Ph,"Bldg. 40-58, Everett",,Hoffman Construction Com,,Walter,
15-0676,Boeing - Bldg. 40-58 PHT Panel Trim and D,"Bldg. 40-58, Everett",B1406-038,Hoffman Construction Com,,Walter,
17-0137,Boeing - Bldg. 40-58 PHX Panel Repair,"Bldg. 40-58, Everett",,,,Walter,
19-0075,Boeing - Bldg. 40-58 Seismic Floor Scan,"Bldg. 40-58, Everett",,M. Torres America,,Walter,
18-0895,Boeing - Bldg. 40-58 Stringer AFP Laminati,"Bldg. 40-58, Everett",,Hoffman Construction Com,,Walter,
18-0440,Boeing - Bldg. 45-01 Crane Stacker #10,"Building 45-01, Everett",n/a,Skanska USA Commercial,206-328-9235,Walter,
18-0852,Boeing - Bldg. 45-01 Low Bay Crane Stacke,"see comments, Everett",,Deshazo,205-664-2006,Isaac,
18-0969,Boeing - Bldg. 45-03 Paint Hangar Modificat,"Bldg. 45-03, Everett",,Skanska USA Commercial,(206) 553-9440,Walter,
18-0571,Boeing - Bldg. 45-03 Paint Hangar Process,"Bldg. 45-03, Everett",,Skanska USA Commercial,(206) 348-6833,Walter,
19-0056,Boeing - Bldg. 45-03 Paint Hangar Solvent,"Bldg. 45-03, Everett",,University Mechanical Contr,(425) 293-3137,Walter,
18-0572,Boeing - Bldg. 45-03 Paint Hangar Wing & T,"Bldg 45-03, Everett",,Skanska USA Commercial,(206) 348-6833,Walter,
18-0498,Boeing - Bldg. 45-08 WWTP,"Building 45-08, Everett",,IMCO General Construction,(360)410-8035,Walter,
18-0451,Boeing - Bldg. 45-334 Compressed Air Upgr,"Bldg. 45-334, Everett",,General Construction Comp,(425) 321-6478,Walter,
18-0545,Boeing - Bldg. 45-51 Emergency Generator,"Building 45-51, Everett",M1806-051,,,Walter,
18-0761,Boeing - Bldg. 9-101 ADC Thermoplastic Pr,"Building 9-101, Tukwila",D18-0215,"BN Builders, Inc.",(206) 492-4785,Walter,
19-0052,Boeing - Emergency Repair (Fire Line Rupt,"Between Bldgs. 40-11 and 40-01, Everett",,,,Walter,
18-1077,Boeing - Everett West Parking Access 526 I,"Hwy 526 Parking, Everett",,Gary Merlino Construction,(206) 755-2987,Walter,
17-0945,Boeing - Site Industrial Waste,"Bldg. 40-58 Tank Room to Bldg. 40-33, Everett",n/a,Greenberry Industrial,(409) 293-8496,Walter,
17-0363,Boeing - Tool #TMR130201 4ME140T0001,"Bldg. 40-22, Everett",,Boeing Everett Tool Depart,(425) 210-9961,Walter,
18-0137,Boeing - Tool #TMR132573 11ME110W166,"Bldg. 40-35 L 11.5, Everett",,Boeing Everett Tool Depart,(425) 791-4867,Walter,
18-0177,Boeing - Tool #TMR132762 PME284W7001,"Bldg. 40-53 Column F8.5, Everett",,Boeing Everett Tool Depart,(425) 309-1989,Walter,
18-0192,Boeing - Tool #TMR132779 PME284W7003,"Bldg. 40-53, Col F8.5, Everett",,Boeing Everett Tool Depart,(425) 309-1989,Walter,
18-0997,Boeing - Tool #TMR135044 31ME140W000,"Bldg. 40-25, Everett",,Boeing Everett Tool Depart,(425) 791-4867,Walter,
18-1035,Boeing - Tool #TMR135046 5ME#110W166,"Bldg. 40-25 Column L10, Everett",,Boeing Everett Tool Depart,(425) 791-4867,Walter,
18-1069,Boeing - Tool #TMR135317 6ME110W1660,"Bldg. 40-25, col L10, Everett",,Boeing Everett Tool Depart,(425) 791-4867,Walter,
18-1068,Boeing - Tool #TMR135340 2FME112W490,"Building 40-58, CCA Side, PGO Cell, Everett",,,(425) 314-4536,Walter,
18-1007,Boyer Garage 1,"2128 E Interlaken Blvd, Seattle",6545083,"Hoffman Building, LLC",(206) 393-7579,Jeff,
19-0003,Brannon Residence,"2114 Dexter Avenue North, Seattle",6692812,"Winchester Construction, In",(206) 491-1385,Jeff,
18-0899,Bridge F1.2 East Whittier Creek,"@ Rainier Welding, Redmond",,,,Walter,
18-0730,Brightview,"20004 91st Place South, Kent",CNST-2172667,Polygon Northwest,(425) 295-5989,Walter,
18-0641,Brix Condominiums,"530 Broadway Avenue E, Seattle",6589134,"Charter Construction, Inc.",(206) 769-2522,Isaac,
17-0850,Browns Point Elementary School,"1526 51st Street NE, Tacoma",see below,Skanska USA Commercial,(206) 418-9660,Walter,
18-0964,Building 431 HBI 860101,",",,"Hayward Baker, Inc.",206-979-5931,Jeff,
19-0054,BVS-057,"2612 79th Ave NE, Medina",B-17-070,JayMarc Manor LLC,(425) 444-2055,Jeff,
18-0879,C755 Rail Replacement - King County Light,"M.L. King Way - various, Seattle",,,(206) 255-4811,Isaac,
18-1052,Cambria Commercial Building,"22051 68th Ave S, Kent",,"Precision Builders, Inc.",(206) 396-1527,Isaac,
16-0933,Cambridge Apartments Renovation,"903 Union Street, Seattle",6495645,"Rafn Company, Inc.",(206) 510-2934,Walter,
18-0231,Capen-Davis Residence,"2537 37th Avenue West, Seattle",6581940,Joseph McKinstry Construct,(206) 406-9404,Isaac,
18-0557,Carleton Duplex,"6703 Carleton Ave S, Seattle",6608078,"Blackwood Builders Group,",(425) 443-5453,Jeff,
18-1044,Carlson Residence (John-Mark),"20103 148th Avenue SE, Kent",DWEL18-0161,"Carlson, John-Mark",(425) 681-1959,Scott,
18-0915,Cascade Hills Phase 3,"Corner of SE 167th St & 117th Ave SE, Rento",,Kar-Vel Construction,(425) 533-5204,Walter,
19-0029,CD-02 Camden Food Co. (Project ID U0025,"SeaTac Internationl Airport, D5-D6 Main Term,",BLD-18-0079,"Wilcox Construction, Inc.",(206) 817-2084,Isaac,
18-0867,Cedar Crest Building A,"9523 NE 180th Street, Bothell",BMF2017-15447,"Charter Construction, Inc.",(206) 573-0770,Jeff,
18-0671,Cedar Crest Building B,"9523 NE 180th Street, Bothell",BMF2017-15449,"Charter Construction, Inc.",(206) 573-0770,Jeff,
18-0373,Cedar Crest Building C,"9523 NE 180th Street, Bothell",BMF2017-15448,"Charter Construction, Inc.",(206) 573-0770,Jeff,
17-0429,Cedar Hills Regional Landfill - Areas 7 and 8,"16645 228th Avenue SE, Maple Valley",,,,Jeff,
18-0311a,Cedar Park North - Lot #01,"907 221st Place SE, Bothell",BMF2018-18558,"RM Homes, LLC",(425) 336-9366,Isaac,
18-0311b,Cedar Park North - Lot #02,"913 221st Place SE, Bothell",BMF2018-18560,"RM Homes, LLC",(425) 336-9366,Isaac,
18-0311c,Cedar Park North - Lot #03,"919 221st Place SE, Bothell",BMF2018-18561,"RM Homes, LLC",(425) 336-9366,Isaac,
18-0311d,Cedar Park North - Lot #04,"925 221st Place SE, Bothell",BMF2018-18562,"RM Homes, LLC",(425) 336-9366,Isaac,
18-0311e,Cedar Park North - Lot #05,"931 221st Place SE, Bothell",BMF2018-18365,"RM Homes, LLC",(425) 336-9366,Isaac,
18-0311f,Cedar Park North - Lot #06,"928 221st Place SE, Bothell",BMF2018-18364,"RM Homes, LLC",(425) 336-9366,Isaac,
18-0311g,Cedar Park North - Lot #07,"924 221st Place SE, Bothell",BMF2018-17603,"RM Homes, LLC",(425) 336-9366,Isaac,
18-0311h,Cedar Park North - Lot #08,"920 221st Place SE, Bothell",BMF2018-18363,"RM Homes, LLC",(425) 336-9366,Isaac,
18-0243,Cedar Park South - All Lots,"919 221st Street SE, Bothell",,"RM Homes, LLC",(425) 336-9366,Isaac,
18-0243a,Cedar Park South - Lot #01,"22256 9th Lane SE, Bothell",(not issued yet),"RM Homes, LLC",(425) 336-9366,Isaac,
18-0243b,Cedar Park South - Lot #02,"22254 9th Lane SE, Bothell",BMF2017-16941,"RM Homes, LLC",(425) 336-9366,Isaac,
18-0243c,Cedar Park South - Lot #03,"22252 9th Lane SE, Bothell",BMF2017-17786,"RM Homes, LLC",(425) 336-9366,Isaac,
18-0243d,Cedar Park South - Lot #04,"22251 9th Lane SE, Bothell",(not issued yet),"RM Homes, LLC",(425) 336-9366,Isaac,
18-0243e,Cedar Park South - Lot #05,"22253 9th Drive SE, Bothell",BMF2017-17824,"RM Homes, LLC",(425) 336-9366,Isaac,
18-0243f,Cedar Park South - Lot #06,"22264 9th Drive SE, Bothell",BMF2018-18674,"RM Homes, LLC",(425) 336-9366,Isaac,
18-0243g,Cedar Park South - Lot #07,"22262 9th Drive SE, Bothell",BMF2018-18673,"RM Homes, LLC",(425) 336-9366,Isaac,
18-0243h,Cedar Park South - Lot #08,"22261 9th Drive SE, Bothell",BMF2018-18704,"RM Homes, LLC",(425) 336-9366,Isaac,
18-0243i,Cedar Park South - Lot #09,"22263 9th Drive SE, Bothell",BMF2018-18706,"RM Homes, LLC",(425) 336-9366,Isaac,
18-0243j,Cedar Park South - Lot #10,"22265 9th Drive SE, Bothell",BMF2018-18707,"RM Homes, LLC",(425) 336-9366,Isaac,
18-0243k,Cedar Park South - Lot #11,"22276 9th Court SE, Bothell",BMF2017-17930,"RM Homes, LLC",(425) 336-9366,Isaac,
18-0243l,Cedar Park South - Lot #12,"22274 9th Court SE, Bothell",BMF2017-17931,"RM Homes, LLC",(425) 336-9366,Isaac,
18-0243m,Cedar Park South - Lot #13,"22272 9th Court SE, Bothell",BMF2017-17932,"RM Homes, LLC",(425) 336-9366,Isaac,
18-0243n,Cedar Park South - Lot #14,"22271 9th Court SE, Bothell",BMF2017-17933,"RM Homes, LLC",(425) 336-9366,Isaac,
18-0243o,Cedar Park South - Lot #15,"22275 9th Court SE, Bothell",BMF2017-17934,"RM Homes, LLC",(425) 336-9366,Isaac,
18-0243p,Cedar Park South - Lot #16,"933 223rd Street SE, Bothell",BMF2017-17935,"RM Homes, LLC",(425) 336-9366,Isaac,
18-0243q,Cedar Park South - Lot #17,"937 223rd Street SE, Bothell",BMF2017-17936,"RM Homes, LLC",(425) 336-9366,Isaac,
18-0243r,Cedar Park South - Lot #18,"938 223rd Street SE, Bothell",BMF2018-18205,"RM Homes, LLC",(425) 336-9366,Isaac,
18-0243s,Cedar Park South - Lot #19,"934 223rd Street SE, Bothell",BMF2018-18151,"RM Homes, LLC",(425) 336-9366,Isaac,
18-0243t,Cedar Park South - Lot #20,"930 223rd Street SE, Bothell",BMF2018-18206,"RM Homes, LLC",(425) 336-9366,Isaac,
18-0243u,Cedar Park South - Lot #21,"926 223rd Street SE, Bothell",BMF2018-18676,"RM Homes, LLC",(425) 336-9366,Isaac,
18-0243v,Cedar Park South - Lot #22,"922 223rd Street SE, Bothell",BMF2018-18675,"RM Homes, LLC",(425) 336-9366,Isaac,
18-0243w,Cedar Park South - Lot #23,"22323 9th Drive SE, Bothell",BMF2018-19187,"RM Homes, LLC",(425) 336-9366,Isaac,
18-0243x,Cedar Park South - Lot #24,"22325 9th Drive SE, Bothell",BMF2018-19188,"RM Homes, LLC",(425) 336-9366,Isaac,
18-0243y,Cedar Park South - Lot #25,"22327 9th Drive SE, Bothell",BMF2018-19189,"RM Homes, LLC",(425) 336-9366,Isaac,
18-0243z,Cedar Park South - Lot #26,"22326 9th Drive SE, Bothell",BMF2018-19190,"RM Homes, LLC",(425) 336-9366,Isaac,
18-0675a,Cedar Park South - Lot #27,"22324 9th Drive SE, Bothell",BMF2018-19191,"RM Homes, LLC",(425) 336-9366,Isaac,
18-0675b,Cedar Park South - Lot #28,"22322 9th Drive SE, Bothell",BMF2018-19192,"RM Homes, LLC",(425) 336-9366,Isaac,
18-1005,Central Sand Shed,"2181 SR 906, Snoqualmie Pass",BP-17-00524,"Ski Lift, Inc.",(425) 766-4184,Walter,
17-0094a,Chainqui Urban Green Villa - Structural,"2401 3rd Avenue, Seattle",6505691,JTM Construction,(206) 445-5395,Jeff,
17-0781,CHC Everett - HBI860147,", Everett",,,,Jeff,
19-0058,Chen-Shao Residence,"1201 Evergreen Point Drive, Medina",B-17-091,"Schultz Miller, Inc.",(206) 551-9668,Walter,
18-0936,Chinn Residence,"9001 NE 37th Place, Yarrow Point",2018-7812,"TL Erickson Construction, In",(206) 909-9521,Jeff,
18-0828,Chow Residence,"3712 78th Avenue SE, Mercer Island",1708-161,ESP Custom Homes,(206) 605-0145,Isaac,
18-0896,Christal Residence,"17405 14th Ave NW, Shoreline",SFR18-0786,Michael T. Shinn Constructi,(206) 940-3586,Isaac,
19-0002,City & County of San Francisco 2019,"5200 Airport Way South, Seattle",,"Olympic Foundry, Inc.",(206) 764-1200,Walter,
18-0448,Clawson Laster Residence,"1512 32nd Avenue South, Seattle",6615867,"McDowell NW Pile King, Inc",(206) 510-4218,Isaac,
19-0016,Colby Apartments,"2229 Colby Avenue, Everett",B1806008,"Charter Construction, Inc.",(206) 962-0078,Isaac,
18-1011,Collins Residence (Dan & Beth),"4711 194th Ave SE, Issaquah",BLD18-00106,Heckert Construction,(425) 652-0841,Isaac,
18-0022,Colman Dock Project,"801 Alaskan Way S, Seattle",not applicable,"Pacific Pile & Marine, LP",(206) 459-5998,Isaac,
16-0692,Comstock,"210 W. Comstock Street, Seattle",6354219,"Barcelo Homes, Inc.",(253) 394-6587,Jeff,
18-1022,Creighton Project,"1620 43rd Ave E, Apt 11A, Seattle",6686753-CN,Tradecraft Builders,(206) 300-7396,Jeff,
18-0483,Crescent Builds Office - Main Building,"10317 Greenwood Ave North, Seattle",6625173,Crescent Builds,(206) 459-3822,Isaac,
18-0483a,Crescent Builds Office - Prefabricated Buildi,"10317 Greenwood Ave North, Seattle",6671401,Crescent Builds,(206) 459-3822,Isaac,
17-0048,Crossroads Village - All Buildings,"15751 NE 15th Street (sales ofc), Bellevue",,Polygon Northwest,,Walter,
17-0048v,Crossroads Village - Bldg. 01,"15813 NE 15th Street, Bellevue",16-134223BB,Polygon Northwest,,Walter,
18-0336f,Crossroads Village - Bldg. 02,"1494 159th Place NE, Bellevue",16-134218 BB,Polygon Northwest,,Walter,
17-0048x,Crossroads Village - Bldg. 04,"1464 159th Pl NE, Bellevue",16-134220 BB,Polygon Northwest,,Walter,
17-0048w,Crossroads Village - Bldg. 05,"1453 159th Pl NE, Bellevue",16-134221BB,Polygon Northwest,,Walter,
17-0048q,Crossroads Village - Bldg. 06,"1444 159th Place NE, Bellevue",16-134222BB,Polygon Northwest,,Walter,
17-0048u,Crossroads Village - Bldg. 07,"15899 NE 14th Road, Bellevue",16-134166BB,Polygon Northwest,(425) 229-4574,Walter,
17-0048p,Crossroads Village - Bldg. 08,"15785 NE 14th, Bellevue",16-134169,Polygon Northwest,(253) 341-7408,Walter,
17-0048r,Crossroads Village - Bldg. 09,"1424 158th PL NE, Bellevue",16 134171BB,Polygon Northwest,(253) 341-7408,Walter,
17-0048s,Crossroads Village - Bldg. 10,"1434 158th CT NE, Bellevue",16 134170BB,Polygon Northwest,(253) 341-7408,Walter,
18-0336a,Crossroads Village - Bldg. 11,"1484 158th CT NE, Bellevue",16-134224BB,Polygon Northwest,(253) 341-7408,Walter,
18-0336e,Crossroads Village - Bldg. 12,"1474 158th Pl NE, Bellevue",16-134225BB,Polygon Northwest,(253) 341-7408,Walter,
17-0048i,Crossroads Village - Bldg. 13,"1403 158th Place NE, Bellevue",,Polygon Northwest,(253) 341-7408,Walter,
17-0048j,Crossroads Village - Bldg. 14,"??1423 158th Place NE, Bellevue",16-129243BB,Polygon Northwest,(253) 341-7408,Walter,
17-0048d,Crossroads Village - Bldg. 15,"1490 157th Ct NE, Bellevue",,Polygon Northwest,,Walter,
17-0048a,Crossroads Village - Bldg. 16,"15751 NE 14th Street, Bellevue",16-129200,Polygon Northwest,,Walter,
18-0336c,Crossroads Village - Bldg. 17,"15751 NE 15th Street, Bellevue",18 119062 UC,Polygon Northwest,(253) 341-7408,Walter,
17-0048n,Crossroads Village - Bldg. 18,"15785 NE 14th RTE, Bellevue",16-134161,Polygon Northwest,(425) 229-4574,Walter,
17-0048o,Crossroads Village - Bldg. 19,"15775 NE 14th RTE, Bellevue",16-134162,Polygon Northwest,(425) 229-4574,Walter,
17-0048l,Crossroads Village - Bldg. 20,"15742 NE 14th ALY, Bellevue",16-130946BB,Polygon Northwest,,Walter,
17-0048m,Crossroads Village - Bldg. 21,"15764 NE 14th ALY, Bellevue",16-134163,Polygon Northwest,(425) 229-4574,Walter,
17-0048k,Crossroads Village - Bldg. 22,"15775 NE 14th Alley, Bellevue",16-130947BB,Polygon Northwest,,Walter,
17-0048g,Crossroads Village - Bldg. 23,"15735 NE 14th, Bellevue",16-129201BB,Polygon Northwest,,Walter,
17-0048h,Crossroads Village - Bldg. 24,"15794 14th Terrace, Bellevue",16-130948-BB,Polygon Northwest,,Walter,
17-0048e,Crossroads Village - Bldg. 25,"15722 NE Terrace, Bellevue",16-129208BB,Polygon Northwest,,Walter,
17-0048b,Crossroads Village - Bldg. 26,"15725 NE 14th Street, Bellevue",16-12909-BB,Polygon Northwest,,Walter,
17-0048c,Crossroads Village - Bldg. 27,"15725 NE 14th Street, Bellevue",16-129210-BB,Polygon Northwest,,Walter,
17-0048f,Crossroads Village - Bldg. 28,"1414 157th Place NE*, Bellevue",16 129211 BB,Polygon Northwest,,Walter,
18-0336d,Crossroads Village - Bldg. 29,"1454 157th Place NE, Bellevue",16-134164 BB,Polygon Northwest,(253) 341-7408,Walter,
17-0048t,Crossroads Village – Fire Lane,"Various, Bellevue",16 122255FN,Polygon Northwest,(253) 341-7408,Walter,
18-0336b,Crossroads Village - Park Interface,"15751 NE 15th Street, Bellevue",16-102816GB,Polygon Northwest,425-791-5395,Walter,
18-1013,CT-21 Pei Wei (Project ID U00259),"17801 International Blvd, SeaTac Airport",BLD-PP-18-0085,"Wilcox Construction, Inc.",,Isaac,
19-0023,CT-23 Evergreens,"17801 International Blvd., SeaTac Airport",,"Wilcox Construction, Inc.",(425) 774-4185,Isaac,
18-1015,CT-26 Koi Shi Sushi and Bento (Project ID,"17801 International Blvd, SeaTac Airport",BLD-18-0083,"Wilcox Construction, Inc.",(206) 817-2206,Isaac,
18-1012,Cummings 4-Plex,"20904 72nd Ave W, Edmonds",BLD20171835,Slater Homes Corp,(425) 890-3397,Jeff,
18-0550,Delridge Five LLC,"5206 Delridge Way SW, Seattle",6421912,Envision Northwest,,Jeff,
18-0037,Delridge Way SW Townhomes,"4534 Delridge Way SW, Seattle",,,,Scott,
18-1087,Devey Residence (Tom & Heather),"10316 NE 156th Place, Bothell",BSF2018-21218,"Seismic Northwest, LP",(360) 349-3857,Jeff,
18-1008,Dimitriou Addition,"7454 NE 120th Place, Kirkland",BSF18-01328,Black Dog Custom Builders,(206) 714-1066,Isaac,
18-0506,Donahoe/Eagles-Soukup Residence,"2368 Hobart Avenue SW, Seattle",,Transblue,,Anthony,
18-0988,Dorothy's House Project,"4329 West Semple Street, Seattle",6556340,"Lockhart Suver, LLC",(206) 359-1374,Isaac,
18-1064a,Earlington Project Bldg. 01,"8202-8206 S 132nd Street, Renton",,Polygon Northwest,(425) 78604913,Walter,
18-1064b,Earlington Project Bldg. 02,"8210-8214 S 132nd St, Renton",B18001287,Polygon Northwest,(425) 786-4913,Walter,
18-1064c,Earlington Project Bldg. 03,"8220-8226 S 132nd Street, Renton",,Polygon Northwest,(425) 786-4913,Walter,
18-1064d,Earlington Project Bldg. 04,"8228-8230 S 132nd Street, Renton",,Polygon Northwest,(425) 786-4913,Walter,
18-1064e,Earlington Project Bldg. 05,"13102-13114 83rd Lane S, Renton",,Polygon Northwest,(425) 786-4913,Walter,
18-1064f,Earlington Project Bldg. 06,"13101-13111 83rd Lane S (See Notes), Renton",B18001192,Polygon Northwest,(425) 786-4913,Walter,
18-1064g,Earlington Project Bldg. 07,"13122-13132 83rd Lane S, Renton",,Polygon Northwest,(425) 786-4913,Walter,
18-1064h,Earlington Project Bldg. 08,"13121-13131 83rd Lane S, Renton",,Polygon Northwest,(425) 786-4913,Walter,
18-1064i,Earlington Project Bldg. 09,"13141-13153 83rd Lane S, Renton",,Polygon Northwest,(425) 786-4913,Walter,
18-1064j,Earlington Project Bldg. 10,"13142-13148 83rd Lane S, Renton",,Polygon Northwest,(425) 786-4913,Walter,
18-1064k,Earlington Project Bldg. 11,"13167-13169 83rd Lane S, Renton",,Polygon Northwest,(425) 786-4913,Walter,
18-1064l,Earlington Project Bldg. 12,"13161-13165 83rd Lane S, Renton",,Polygon Northwest,(425) 786-4913,Walter,
18-1064m,Earlington Project Bldg. 13,"13181-13187 83rd Lane S, Renton",,Polygon Northwest,(425) 786-4913,Walter,
18-1064n,Earlington Project Bldg. 14,"13189-13191 83rd Lane S, Renton",,Polygon Northwest,(425) 786-4913,Walter,
16-0860a,East Link Light Rail I-90 (E130 - Judkins Par,1496 Rainier Ave S (use 1400 S Dean for GPS,,Kiewit-Hoffman East Link C,206-549-5289,Jeff,
16-0860,East Link Light Rail I-90 (E130 - MI Station),"2510 77th Avenue SE* (MI Station), Mercer Isl",,Kiewit-Hoffman East Link C,206-549-5289,Jeff,
16-0860b,East Link Light Rail I-90 (E130 - MI Tunnel),"2101 72nd SE, Mercer Island",,Kiewit-Hoffman East Link C,206-549-5289,Jeff,
16-0860c,East Link Light Rail I-90 (E130 - Mt. Baker T,"1411 Yakima Avenue South, Seattle",,Kiewit-Hoffman East Link C,206-549-5289,Jeff,
17-0274,East Link Light Rail Project (E360 Segment),"Near SR 520 at NE 20th St. to OTC Station, B",,,(253) 439-8884,Walter,
16-0804,Eclipse Townhomes - All Buildings,"3300 Eclipse Mill Road, Everett",SEE NOTES,,,Walter,
16-0804d,Eclipse Townhomes - Bldg. 01,"3302 31st Drive, Everett",C1606-069 thru 0,Polygon Northwest,(425) 891-2727,Walter,
16-0804f,Eclipse Townhomes - Bldg. 02,"3301 31st Drive, Everett",C1604-020 thru 0,Polygon Northwest,(425) 891-2727,Walter,
16-0804g,Eclipse Townhomes - Bldg. 03,"3313 to 3323 31st Drive, Everett",C1604-026 to 31,Polygon Northwest,(425) 891-2727,Walter,
16-0804i,Eclipse Townhomes - Bldg. 04,"3325 to 3335 31st Drive, Everett",C1604-032 to 37,Polygon Northwest,(425) 891-2727,Walter,
16-0804h,Eclipse Townhomes - Bldg. 05,"3337 to 3345 31st Drive, Everett",C1603-026 to 30,Polygon Northwest,(425) 891-2727,Walter,
16-0804e,Eclipse Townhomes - Bldg. 06,"3322 31st Drive, Everett",C1604-068 thru 0,Polygon Northwest,(425) 891-2727,Walter,
16-0804j,Eclipse Townhomes - Bldg. 07,"3336 to 3346 31st Drive, Everett",C1604-074 thru 0,Polygon Northwest,(425) 891-2727,Walter,
16-0804k,Eclipse Townhomes - Bldg. 08,"3347 to 3355 31st Drive, Everett",C1603-031 to 035,Polygon Northwest,(425) 891-2727,Walter,
16-0804l,Eclipse Townhomes - Bldg. 09,"3401 31st Drive, Everett",C1603-036 thru 0,Polygon Northwest,(425) 891-2727,Walter,
16-0804m,Eclipse Townhomes - Bldg. 10,"3350 31st Drive, Everett",C1604-080 thru 0,Polygon Northwest,(425) 891-2727,Walter,
16-0804y,Eclipse Townhomes - Bldg. 11,"3411 31st Drive, Everett",C1604-038,Polygon Northwest,,Walter,
16-0804x,Eclipse Townhomes - Bldg. 12,"3423 31st Dr., Everett",,Polygon Northwest,,Walter,
16-0804t,Eclipse Townhomes - Bldg. 13,"3412 31st Dr., Everett",1604-086 to 092,Polygon Northwest,(425) 891-2727,Walter,
16-0804w,Eclipse Townhomes - Bldg. 14,"3458 31st Drive, Everett",C1604-092 thru 0,Polygon Northwest,(425) 328-5811,Walter,
18-0287d,Eclipse Townhomes - Bldg. 15,"3435 31st Drive, Everett",C1604-050 thru 0,Polygon Northwest,(425) 891-2727,Walter,
18-0287e,Eclipse Townhomes - Bldg. 16,"3447 31st Drive, Everett",C1603-041 thru 0,Polygon Northwest,(425) 891-2727,Walter,
18-0287f,Eclipse Townhomes - Bldg. 17,"Various, Everett",C1603-046 thru 0,Polygon Northwest,(425) 891-2727,Walter,
16-0804a,Eclipse Townhomes - Bldg. 18,"3300 Eclipse Mill Rd (3458 31st Drive), Everett",C1602-016 thru 0,Polygon Northwest,(425) 891-2727,Walter,
16-0804b,Eclipse Townhomes - Bldg. 19,"3511 31st Drive, Everett",C1602-020 thru 0,Polygon Northwest,(425) 891-2727,Walter,
16-0804c,Eclipse Townhomes - Bldg. 20,"3300 Eclipse Mill Road, Everett",C1604-098 thru 1,Polygon Northwest,(425) 891-2727,Walter,
16-0804u,Eclipse Townhomes - Bldg. 21,"3339 30th Drive, Everett",C1604-104 thru 1,Polygon Northwest,(425) 891-2727,Walter,
16-0804n,Eclipse Townhomes - Bldg. 22,"3405 30th Drive, Everett",C1604-112 thru 1,Polygon Northwest,(425) 891-2727,Walter,
16-0804o,Eclipse Townhomes - Bldg. 23,"3410 30th Drive, Everett",C1603-050 thru 0,Polygon Northwest,(425) 891-2727,Walter,
16-0804r,Eclipse Townhomes - Bldg. 24,"3409-3419 30th Drive, Everett",C1604-118 thru 1,Polygon Northwest,(425) 891-2727,Walter,
16-0804p,Eclipse Townhomes - Bldg. 25,"3414 to 3420 30th Drive, Everett",C1604-056 to C16,Polygon Northwest,(425) 377-9262,Walter,
16-0804s,Eclipse Townhomes - Bldg. 26,"3423-3435 30th Drive, Everett",C1606-076 thru 0,Polygon Northwest,(425) 891-2727,Walter,
16-0804q,Eclipse Townhomes - Bldg. 27,"3011 34th Place, Everett",C1606-097 thru 1,Polygon Northwest,(425) 891-2727,Walter,
16-0804v,Eclipse Townhomes - Bldg. 28,"3002-3012 34th Place, Everett",C1606-102 thru 1,Polygon Northwest,(425) 891-2727,Walter,
18-0287c,Eclipse Townhomes - Bldg. 29,"3439 - 3451 30th Drive, Everett",C1606-083 to 089,Polygon Northwest,(425) 891-2727,Walter,
18-0287g,Eclipse Townhomes - Bldg. 30,"3513 30th Drive, Everett",C1606-090 to 096,Polygon Northwest,(425) 891-2727,Walter,
16-0804z,Eclipse Townhomes - Bldg. 31,"3001 35th Street, Everett",C1604-062 thru 0,Polygon Northwest,(425) 891-2727,Walter,
18-0287b,Eclipse Townhomes - Bldg. 32,"3208 30th Avenue, Everett",C1606-108 thru 1,Polygon Northwest,(425) 891-2727,Walter,
18-0287a,Eclipse Townhomes - Bldg. 33,"3008 35th St, Everett",C1606-115 to 118,Polygon Northwest,(425) 891-2727,Walter,
19-0030,Edgewater Inn,"2411 Alaskan Way, Seattle",6282145,"Stillwater Marine, Inc.",(206) 450-3225,Walter,
17-0875,Edgewood Veterinary Clinic,"1311 Meridian Ave. E, Edgewood",,,,Scott,
18-0892,Edmonds 401,"18000 76th Avenue West, Edmonds",,,253-845-7000,Anthony,
19-0065,Elite Commercial Contracting,"406 E North Bend Way, North Bend",,"Rainier Industries, Ltd.",,Walter,
17-0663,Escala Condominium Building,"1920 4th Avenue, Seattle",6573576,,(206) 228-0158,Isaac,
18-0474,Evergreen Heights Elementary School Site I,"5602 S. 316th Street, Auburn",BLD 18-0055,"Tunista Construction, LLC",(206) 742-8362,Walter,
15-0601,Excellence Health and Fitness (2015),"4100 Aurora Avenue North, Seattle",6407437,"Promondo, LLC",(206) 859-1026,Jeff,
18-0668,Far West Steel Warehouse Project,"201 SW 34th St, Renton",N/A,Farwest Steel,(425) 656-3254,Isaac,
18-0690,Fauntleroy Project,"9121 Fauntleroy Way SW, Seattle",6586810,Dovetail General Contractor,(206) 713-9859,Isaac,
18-0280,Flacco Residence,"1710 36th Ave (use 1716 for GPS), Seattle",6530494,P.H. Robison Construction,(206) 601-4855,Isaac,
18-0638,Float A - Long,"1213 East Shelby, #19 (see notes), Seattle",6552260,"Dyna Contracting, Inc.",(206) 708-9029,Walter,
18-0656,Float B - Samsel,"2812 Boyer Avenue East (see notes), Seattle",6465822,"Dyna Contracting, Inc.",(206) 708-9029,Walter,
18-0657,Float C - Morken,"2114 Boyer Avenue East (see notes), Seattle",6465824,"Dyna Contracting, Inc.",,Walter,
18-0637,Float D - Phillips,"2816 Boyer Avenue East, Seattle",6465825,"Dyna Contracting, Inc.",(206) 708-9029,Walter,
18-0602,Freeman Residence Phase 3,"1928 Harvard Avenue E, Seattle",6486833,"Toellner Construction, LLC",(253) 380-2004,Isaac,
19-0020,Frye Apartments In-Plane Brick Shear Testi,"223 Yesler Way, Seattle",,,,Jeff,
18-1046,Garman Residence,"432 2nd Avenue NE, Seattle",6671870,Prestige Residential Constr,,,Isaac
19-0070,Garms Residence,"324 7th avenue, Kirkland",BSF18-01422,Schovajsa Construction,(425) 246-5936,,Isaac
18-0670,Gene Coulon Memorial Beach Park Structur,"1201 Lake Washington Boulevard North, Rent",B18-001880,"Quigg Brothers, Inc.",360-500-9332,,Isaac
16-0478a,Gensco New Bldg - HVAC,"5917 4th Avenue South, Seattle",6551884,"Donovan Brothers, Inc.",(206) 354-6326,,Walter
18-0696,Georgetown Brewery Expansion,"5200 Denver Ave South, Seattle",6599240-CN,JTM Construction,(206) 817-5870,,Isaac
18-0874,Georgetown Wet Weather Treatment Statio,"6185 4th Ave. S, Seattle",,James W. Fowler Company,,,Isaac
18-0713,Georgetown Wet Weather Treatment Statio,"6185 4th Ave. S, Seattle",6503485,"Flatiron West, Inc.",(360) 630-3553,,Isaac
18-0971,Globe Building,"310 1st Avenue South, Seattle",,,,,Isaac
17-0213,Golden Curry Mixed Use,"23811 West Valley Highway, Kent",CNST2151446,Strong Weld,(206) 355-9353,,Isaac
18-0782,Golden Pines Elderly Housing Facility,"2901 NE 10th Street, Renton",B17005057,Walsh Construction Compa,(206) 551-6594,,Walter
16-0396,Gordito's Restaurant (2016),"213 N 85th Street, Seattle",6526552,Interstate Restoration,(425) 343-7636,,Jeff
19-0060,Graber Project,"6035 2nd Ave NW, Seattle",6653761,"Raincap Construction, Inc.",(303) 746-4879,,Isaac
18-0810,Grannis Road LLC,"19318 29th Avenue SE, Bothell",,,(206) 890-3084,*,Scott
17-0529,Graves Residence - Retaining Wall Repair,"8027 Sunnyside Avenue North, Seattle",6622498,,,,Anthony
19-0074,Greenside Recreational,"23407 Pacific Highway S, Des Moines",,"Rainier Industries, Ltd.",(206) 819-3846,,Isaac
18-0944,Greenwood Phinney Landbanked Park,"Greenwood Ave N (N 82nd St and N 81st St),",6583298,"Wyser Construction Co., Inc",,,Isaac
18-0463,Ground Transportation Building Renovation,"2809 South 160th Street, SeaTac",1810596 or BLD-,"Colvos Construction, LLC",(425)879-9512,,Isaac
18-1061,Grove Residence,"12728 NE 95th St, Kirkland",17-07079,"JD Bergevin Homes, Inc.",(425) 406-9086,,Jeff
19-0051,Guitar Center - Action Special Inspections,"6308 Roosevelt Way NE, Seattle",,,(503) 381-6329,,Isaac
19-0093,Guthrie Residence,"3141 Fairweather Drive, Hunts Point",,"Sea & Shore Construction, I",(206) 434-1449,,Isaac
19-0044,GW 11 Fluoroscopy Supports,"1660 S Columbian Way, Bldg. 101, Seattle",n/a,,,,Walter
17-0169a,Harborview - 2EH Patient Lift Installation (M,"325 9th Avenue, Seattle",6503579,"M Brown Industries, LLC",,,Anthony
18-0952,Harbour Heights Condominium Repairs,"2621 2nd Avenue, Seattle",6644971,"Tatley-Grund, Inc.",,,Walter
18-1081,Harrison Row Houses,"1052 E Harrison Street, Seattle",6613739,Revolution Custom Builders,(260) 779-1414,Isaac,
07-0580a,Harvard & Highland Condominiums Building,"1188 Harvard Avenue East, Seattle",6117384,WG Clark Construction Co,(206) 793-3972,Walter,
18-0060,Harwood Condo,"1311 12th Ave S, Seattle",6572273,"Charter Construction, Inc.",(206) 841-0053,Isaac,
18-1076,Heiberg Residence,"2365 SW Squak Mountain Loop, Issaquah",BLD18-00057,Hess Construction,(425) 531-0628,Jeff,
18-0955,Henninger Short Plat,"16112 SE Petrovitsky Road, Renton",,R and D Enterprises,,Anthony,
13-0163,Heron Residence,"10012 SW Dock Street, Vashon Island",,,,Anthony,
19-0063,Hess Residence,"4822 251st St SE, Snohomish",18122258RK,"Everett, Aaron",(206) 276-2300,Scott,
19-0033,Highline College - Bldg. 6 Canopy (Project,"2400 S. 240th Street, Building 6, Des Moines",BLD2018-1344,"Pease Construction, Inc.",,Jeff,
16-0456,Highline S. 268th St. Water & Brightwood P,"S. 268th St. & Brightwood Park, Normandy Par",ENG2016-044,"SCI Infrastructure, LLC",,Jeff,
17-0645a,HighPoint Block 9 Townhomes - Bldg. 01,"3250 SW Graham Street, Seattle",6506776,Polygon Northwest,(504) 298-8423,Walter,
17-0645b,HighPoint Block 9 Townhomes - Bldg. 02,"3300 SW Graham Street, Seattle",6528566,Polygon Northwest,(504) 298-8423,Walter,
17-0645c,HighPoint Block 9 Townhomes - Bldg. 03,"3320 SW Graham Street, Seattle",6528566,Polygon Northwest,(504) 298-8423,Walter,
17-0645d,HighPoint Block 9 Townhomes - Bldg. 04,"3260 SW Graham Street, Seattle",6506776,Polygon Northwest,(504) 298-8423,Walter,
17-0645e,HighPoint Block 9 Townhomes - Bldg. 05,"3270 SW Graham Street, Seattle",6506776,Polygon Northwest,(504) 298-8423,Walter,
17-0645f,HighPoint Block 9 Townhomes - Bldg. 06,"3280 SW Graham Street, Seattle",6528566,Polygon Northwest,(504) 298-8423,Walter,
17-0645g,HighPoint Block 9 Townhomes - Bldg. 07,"3400 SW Graham Street, Seattle",6528566,Polygon Northwest,(504) 298-8423,Walter,
17-0645h,HighPoint Block 9 Townhomes - Bldg. 08,"3410 SW Graham Street, Seattle",6506776,Polygon Northwest,(504) 298-8423,Walter,
17-0645i,HighPoint Block 9 Townhomes - Bldg. 09,"3430 SW Graham Street, Seattle",6528566,Polygon Northwest,(504) 298-8423,Walter,
17-0645j,HighPoint Block 9 Townhomes - Bldg. 10,"3420 SW Graham Street, Seattle",6506776,Polygon Northwest,(504) 298-8423,Walter,
17-0645k,HighPoint Block 9 Townhomes - Bldg. 11,"3450 SW Graham Street, Seattle",6528566,Polygon Northwest,(504) 298-8423,Walter,
17-0209a,Hive Roosevelt - Structural,"6717 Roosevelt Way NE, Seattle",6534447,WG Clark Construction Co,(206) 305-6154,Jeff,
19-0080,Hoch Residence,"3610 W. Commodore Way, Seattle",6620033-CN,"Gregerson Custom Homes,",(425) 691-0042,Isaac,
18-0830,Holly Hills Residence,"23 Holly Hills Drive, Mercer Island",1803-180,"Toth Construction, Inc.",(206) 418-9835,Isaac,
18-0891,Holman Distribution,"22430 76th Avenue South, Kent",RC11-2182597,Key Mechanical,206-396-3019,Isaac,
18-0958,Holy Family Kirkland CGS Classroom Buildi,"7355 120th Ave NE, Kirkland",BNR18-03676,Hamish Anderson Custom,(215) 756-3909,Jeff,
18-0859,Honeywell Clean Room Expansion,"15015 NE 36th Street, Redmond",,"Swinerton Builders, Inc.",,Anthony,
17-0910,Honeywell MEMS Floor,"15001 NE 36th Street, Redmond",n/a,"Swinerton Builders, Inc.",(425) 829-8601,Anthony,
19-0034,Howe Condominiums Foundation Repair,"507 Howe Street, Unit C, Seattle",6670497-CN,"Andre, Michael",(425) 691-0075,Walter,
18-0131,Hudson Townhomes,"3910 South Hudson Street, Seattle",6531146,"Orcas Homes, LLC",(253) 653-9545,Isaac,
19-0081,Huey Basement Remodel,"2515 West Smith Street, Seattle",6697819-CN,Joseph McKinstry Construct,(206) 948-5511,Isaac,
19-0045,Huntington Park West H.O. Association,"1000 S 248th St, Des Moines",,,,Scott,
19-0024,Huppert Residence,"1920 30th Avenue S, Seattle",6648552,Chaffey Custom Constructio,,Jeff,
18-0576,Huynh Short Plat,"621 S 103rd Street, Seattle",LUIS13-0032,"Idares Construction, LLC",,Jeff,
18-0957,Hydro Systems,"7028 South 204th Street, Kent",CNST-2182453,TCL Partners,(425) 315-5193,Jeff,
18-0431,Ingraham High School Addition,"1819 N. 135th Street, Seattle",6583445,Cornerstone General Contra,(360) 854-8334,Walter,
19-0036,Inspirus Credit Union Bremerton WA,"5373 Auto Center Way, Bremerton",BB1800466,Tricon Commercial Constru,,Jeff,
19-0031,Inspirus Credit Union Store Kirkland 2734,"10020 NE 137th St, Kirkland",BNR18-07944,Tricon Commercial Constru,(425) 577-9713,Isaac,
19-0083,Install New Awning,"8021 S 198th St, Kent",2183229,Southcreek Construction LL,(253) 988-0283,Jeff,
17-0409,Integrated Education Center - RH Testing,"6000 16th Avenue SW, Seattle",,"West Coast Flooring, Inc.",(253) 970-7270,Isaac,
19-0090,Intellectual Ventures Mezzanine Expansion,"14360 SE Eastgate Way, Bellevue",18 102894 BZ,"Swinerton Builders, Inc.",(425) 283-5197,Isaac,
18-0468,Island Soul Restaurant,"4869 Rainer Avenue South, Seattle",6588357,"Rafn Company, Inc.",(206) 510-2659,Isaac,
18-0834,Jackson,"1425 S Jackson Street, Seattle",6611600-CN,"Craftsman Construction, Inc",(206) 619-4501,Jeff,
18-1030,Jamshidiat Garage Remodel,"478 West Lake Sammamish Pkwy, Bellevue",18-126623-UC,"Jamshidiat, Hamid",(425) 445-3260,Jeff,
18-0965,JauJou Foundation,"19918 76th Avenue NE, Kenmore",BLD18-0751,Griffin Foundation Repair,(206) 707-5731,Scott,
18-0507,Javaheri Residence,"446 Comstock Place, Seattle",6382791,"Kenco of Washington, Inc.",(206) 391-0370,Isaac,
17-0981,JD 65,"6575 NE Windemere Road, Seattle",6556009,"Schultz Miller, Inc.",206-551-9664,Isaac,
17-0351a,Jefferson Park Apartments - Structural,"2902 Beacon Avenue South, Seattle",6552298,Edge Developers/MarPac C,(206) 226-5835,Walter,
18-0901,Jesse Howard Residence,"30 Kearney Drive, Snoqualmie Pass",BP-18-00618 How,ROK Builders,"T (805) 570-9820,",Isaac,
18-0627,Jimi Hendrix Park Wave Wall,"2400 South Massachusetts St, Seattle",,,,Isaac,
18-0436,Jimmy B,"507 22nd Avenue, Seattle",6453103,,(206) 747-6919,Isaac,
18-0986,JL Facility Solutions,"18035 Sperry Drive, Tukwila",,"Rainier Industries, Ltd.",,Walter,
18-0973,Johnson Studio,"932 NW 122nd Street, Seattle",6623356,,206-669-5159,Isaac,
18-0392,Jones Residence (Erik),"3820 E Howe Street, Seattle",333175,"March-MacDonald, Inc.",(206) 793-1048,Isaac,
19-0021,Juanita Bay Condominium - Exterior Remed,"9201 NE Juanita Drive, Kirkland",BMF18-01686,"Pacific Building Envelope, I",(425) 770-5746,Jeff,
14-0103,Juanita Bay Veterinary/ AWI Office,"11496 98th Avenue NE, Kirkland",BNR 13-04519,"Corstone Contractors, LLC",(425) 870-5894,Jeff,
18-0889,Kamin Building,"5101 14th Avenue NW, Seattle",6571124-CN,Kamin Excavation/Commer,(206) 423-8907,Isaac,
18-1086,Kashani Residence (Ali),"306 13th Ave, Kirkland",BSF18-00509,Artoush Construction & Re,(425) 890-9995,Isaac,
18-0758,Kearney Lowes Residence,"1502 Grand Ave, Seattle",6624190-CN,McBride Construction Reso,(206) 235-1672,Isaac,
17-0317a,Ken Phillips House - Structural,"1945 82nd Ave SE, Mercer Island",1602-198,"March-MacDonald, Inc.",(206) 793-1048,Walter,
18-0652,Kent Supreme Self Storage - Bldg. A,"25301 Pacific Highway South, Kent",CNST 2164093,"JPR Construction, Inc.",(253) 221-1000,Isaac,
18-0396,Kent Supreme Self Storage - Bldg. C,"25301 Pacific Highway South, Kent",CNST 2164095,"JPR Construction, Inc.",(253) 221-1000,Isaac,
18-0593,Kent YMCA,"10920 SE 248th St, Kent",2180452,"Abbott Construction, Inc.",(425) 346-3165,Walter,
18-0937,Kiddie Academy of Bellevue,"990 102nd Ave NE, Bellevue",18-110422BW,JMS Construction,(206) 459-0907,Isaac,
18-0625,King Chapman Apartments,"304 10th Ave. E, Seattle",6590597,Fairbank Construction Com,206-948-1150,Isaac,
18-0449,King Street Arts TI,"303 S. Jackson Street, Seattle",6575705,Centennial Contractors Ente,(253) 249-4885,Isaac,
18-1021,Kipp Residence,"1685 10th Street West, Kirkland",,DKWozniak Design Build LL,,Isaac,
18-1080,Ladera-Heatherwood Apts Foundation Repai,"5851 South 152nd Street, Tukwila",,,,Scott,
18-0386,Lake Union Life,"100 East Edgar Street, Seattle",6592397,Ruff Construction,206-734-8968,Isaac,
18-0753,Lakeshore Residence,"420 39th Avenue East, Seattle",6605559,"Krekow Jennings, Inc.",(206) 979-2805,Walter,
17-0761,Lambert Residence - Enumclaw,"35817 249th Ave. SE, Enumclaw",,Swanson Brothers Concrete,(206) 255-5727,Isaac,
18-0659,Lansfjord Tavern,"6307 24th Ave NW, Seattle",6627875,"Lansfjord, LLC",(206) 510-3637,Jeff,
19-0046,Lanz Residence,"10415 Forbes Creek Drive, Kirkland",BSF18-01863,"Pacwest Construction, LLC",(206) 715-6200,Isaac,
18-0982,Lawton Street Residence,"3754 West Lawton Street, Seattle",6547821,"Dikmen Development, LLC",,Jeff,
17-0909,Leaf Apartments,"3309 Beacon Avenue South, Seattle",6485509,STS Construction Services,,Isaac,
19-0068,Leece Residence,"5101 Somerset Drive SE, Bellevue",19102977BU,"Seismic Northwest, LP",(360) 349-3857,Isaac,
19-0064,Leland Allen Project,"1653 Edgewood Ave SW, Seattle",6416987,Ericson Arch Home Design I,(206) 391-9513,Jeff,
17-0675,Lemley Residence,"2214 37th Avenue SW, Seattle",6224199,"Build, LLC",(253) 261-0695,Isaac,
18-0935,Levis - Action Special Inspections,"10600 Quilceda Blvd #300, Tulalip",,,(503) 381-6329,Jeff,
17-0697,Liberty Bank Building,"2320 E. Union Street, Seattle",6427812,Walsh Construction Compa,(206) 571-7332,Walter,
18-0008,LIHI Renton Commons,"215 Whitworth Avenue South, Renton",B17001987,Walsh Construction Compa,,Walter,
18-1049,Lilac Lodge,"5033 37th Avenue South, Seattle",6601176,"Ryan General Contractors, I",(206) 552-5954,Walter,
17-0905,Lincoln High School Modernization,"4400 Interlake Avenue North, Seattle",6540641,"Lydig Construction, Inc.",,Walter,
18-0477,Lincoln High School Sign,"701 S 37th Street, Tacoma",SIGN17-0094,"Plumb Signs, Inc.",(253) 473-3323,Isaac,
18-0745,Lineweaver Residence Slope Repairs,"6021 33rd Ave S, Seattle",,,,Scott,
19-0001,Lithia BMW of Seattle – Sales Building Rem,"1002 Airport Way South, Seattle",6627240-CN-001,"Kirtley-Cole Associates, LL",,Isaac,
18-1067,Lorde Residence,"8212 Crest Dr NE, Seattle",6637280,"RHH Construction, LLC",(425) 941-7830,Isaac,
18-1071,Lot 18,"8999 NE Shore Drive, Indianola",10-94727,Road Construction Northwe,(425) 531-1624,Isaac,
16-0153,Lower White River Countyline Levee Setbac,"A Street downstream to 8th Street, Pacific",,,425-306-7032,Anthony,
18-1063,Lucky Louie - SeaTac Airport,"17801 International Blvd., SeaTac",BLD-18-0081,"Wilcox Construction, Inc.",206-818-8358,Isaac,
18-1053,Lululemon - Action Special Inspections,"224 Bellevue Way NE, Bellevue",18119389BZ,,(503) 381-6329,Jeff,
19-0042,Luu Residence,"16635 SE 18th St, Bellevue",639286,Stone & Wind LLC,(360) 773-7552,Jeff,
18-0023,Magnolia Elementary School Renovation an,"2418 28th Avenue West, Seattle",6511044,Forma Construction Compa,(206)939-0163,Walter,
17-0485,Majiq T.I.,"8343 154th Avenue NE, Suite 200, Redmond",BLDG-2016-0935,Pattison General Contractor,(206) 856-4436,Walter,
18-0591,MAK Frelard Building AKA Reubens Brews,"800 NW 46th Street, Seattle",6617835,"Northway Construction, Inc.",,Isaac,
17-0231,Marinkovich Residence - Construction Monit,"11706 Exeter Avenue NE, Seattle",6321910,,,Scott,
14-0248,Marinkovich Residence - Design Phase,"11706 Exeter Avenue NE, Seattle",,"Marinkovich, Michael",,Scott,
19-0018,Maritime Building,"906 Alaskan Way, Seattle",,,,Jeff,
19-0019,Market Place Building,"2001 and 2003 Western Avenue, Seattle",,,,Jeff,
19-0071,Mary Rowhouse,"6725 Mary Ave NW, Seattle",6597678,Turnkey Builders,(206) 353-1361,Jeff,
18-1083,Mathiasen Residence,"10203 NE 29th Place, Bellevue",18 114458 BR,"Karlstrom Associates, Inc.",(425) 220-9788,Jeff,
19-0010,McCaffrey Residence,"6718 21st Ave NW, Seattle",6670564-CN-002,"Huus, Inc.",(206) 618-6376,Jeff,
18-0455,McClure Residence,"1530 31st Avenue, Seattle",n/a,Pathway Design & Construc,,Anthony,
18-0845,McEvoy Residence,"5050 36th Avenue NE, Seattle",6574181,,,Isaac,
18-0910,McFarlane Residence,"13024 Thomas Rd KPN, Gig Harbor",KH0913,Lobo Construction,(206) 251-3983,Isaac,
18-0960,McKee 714,"714 10th Ave E, Seattle",6542140,BG Construction LLC,,Isaac,
19-0092,Meadowbrook Pool,"10515 35th Ave NE, Seattle",6624594-CN-001,Biwell Construction,(206) 423-1917,Isaac,
19-0012,Medgar Evers Pool,"500 23rd Avenue, Seattle",6646301,Biwell Construction,,Walter,
18-0961,Meridian 106,"2100 N 106th Street, Seattle",6486615,,,Scott,
18-0454,Mid Town Apartments,"8820 Aurora Ave N, Seattle",6546477,Epic Construction Managem,(206) 369-8786,Isaac,
18-0929,Military Road S & S 298th Street Compact,"Military Rd S & S 298th St, Federal Way",,"Tunista Construction, LLC",,Jeff,
18-0931,Miller Community Center ADA Upgrades,"330 19th Avenue E, Seattle",6479613,Centennial Contractors Ente,(206) 769-5237,Isaac,
18-0626,Miller Remodel,"2326 Bigelow Avenue North, Seattle",6633686,"GKO Construction, LLC",(206) 383-1938,Isaac,
18-1004,Mims Residence (Damian),"12507 64th Ave S, Seattle",ADDC18-0572,J. M. Edwards Construction,(425) 375-8497,Jeff,
16-0522a,Mitchell Project (Aaron) - Lot 1,"3229 106th Avenue SE, Bellevue",14-143411 BS,STS Construction Services,(206) 510-7111,Isaac,
16-0522b,Mitchell Project (Aaron) - Lot 2,"3227 106th Avenue SE, Bellevue",14-143407 BS,STS Construction Services,(206) 510-7111,Isaac,
17-0053,Mitchell Residence Retaining Wall,"8205 S 123rd Pl, Seattle",,,,Scott,
18-1062,Monte Cristo Square,"9150 23rd Ave NW, Seattle",6632174,,,Isaac,
18-0800,Moran Residence,"8943 NE 192nd Place, Bothell",BSF2018-18513,"Molucule Design Build, Inc.",(206) 795-9955,Jeff,
19-0089,Morris Residence,"2711 East Roy Street, Seattle",,,,Anthony,
18-0754,Mount Baker Family Housing,"2870 South Hanford Street, Seattle",6604088,Walsh Construction Compa,206-571-2399,Walter,
18-0074,Mount Baker Station Apartments - 2615 Nort,"2615 25th Ave S, Seattle",6309478,Osborne Construction Com,(425) 305-7401,Walter,
18-0073,Mount Baker Station Apartments - 2715 Sou,"2715 25th Ave S, Seattle",6535937,Osborne Construction Com,(425) 305-7401,Walter,
19-0022,Mountain View,"885 SE Cedar Falls Way, North Bend",,Polygon Northwest,(425) 931-8977,Walter,
18-0968,Mud Bay - Renton,"17320 140th Ave Southeast, Bldg E, Suites 9-1",ADDC18-0419,Western Construction Servi,(360) 601-7931,Jeff,
19-00431,My Salon Suites,"17214 Highway 99, Lynnwood",BTI-018688-2018,Elder Construction,(206) 658-7458,Jeff,
18-0729,Natera Storage Facility,"3215 S. 116th Street, Bldg 3, Ste. 109, Tukwila",D18-071,G3 Builders,206-719-0104,Isaac,
18-0105,Nesbit Apartments,"8558 Nesbit Avenue N, Seattle",6445306,"Stratford Co., LLC",(206) 890-8790,Isaac,
18-0553,Neuburger Residence Garage Renovation,"306 West Prospect Street, Seattle",6075197,S2 Builders,(206) 778-3354,Scott,
18-0636,New Elementary School at Zenith Park (Des,"1598 S. 240th Street, Des Moines",BLD2018-0102,Vanir Construction Manage,,Isaac,
18-1079,New Life Church,"15711 152nd Avenue NE, Renton",,,,Jeff,
17-0554a,N-Habit Rainier Apartments,"718 Rainier Avenue South, Seattle",6557651,WG Clark Construction Co,,Walter,
17-0867,Nissan Seattle - HBI860154,"3412 Airport Way South, Seattle",,"Hayward Baker, Inc.",(206) 321-7261,Jeff,
18-1014,NMT Redevelopment - AHU Replacement,"1229 Madison Street, Floor 5, Seattle",6682830-ME,MacDonald-Miller Facilities,(206) 423-7459,Isaac,
17-0576a,Northgate III (aka Northgate 8th) - Structural,"10711 8th Avenue NE, Seattle",6572059,"Rafn Company, Inc.",(206) 510-4880,Walter,
18-0151,Northwest 63rd Street,"1443 NW 63rd Street, Seattle",6496710,"Greenbuild Development, L",(253) 269-2748,Isaac,
18-0592,Nut Tree Holdings Alteration,"7710 185th Ave NE, Redmond",BLDG201707133,Nussbaum Group,(206) 639-9281,Isaac,
18-0940,NWCP Kent Building S Cosmos 8610,"8610 S 212th Street, Kent",CNST-2182171,Boyce Construction,(206) 255-6493,Isaac,
19-0078,Office Depot Column Repair,"7500 142nd Ave E #400, Sumner",N/A,Omega Riggers & Erectors,(36) 480-4914,Jeff,
18-0870,Old Bartell's,,2-Jan,6694258-CN,Southcreek Construction LL,(425) 785-3998,Jeff
18-0459,Olympic Middle School Reconstruction,,0,BLDG18-0038,Absher Construction Compa,253-279-9282,Walter
16-0817a,Peralta Orthodontics - HVAC,,2-Jan,6562709,"WR Hanson, Inc.",(206) 719-1217,Isaac
18-0683,Peyree Residence,,2-Jan,1706-083,Gallagher Co.,(206) 730-8870,Isaac
19-0014,Phair Residence (Desiree),,2-Jan,,"Seismic Northwest, LP",(206) 899-7148,Isaac
19-0057,Pier 91 East Mooring System Maintenance,,2-Jan,n/a,Port of Seattle Marine Maint,(253) 227-2114,Isaac
18-0977,Pierce College,,2-Jan,,"Plumb Signs, Inc.",(253) 414-8812,Jeff
18-0764,Pigott Residence Garage,,2-Jan,6566354,"Ventana Construction, LLC",(206) 795-3829,Isaac
19-0094,Pinehurst Mixed Use (Northline),,2-Jan,6541734,PSW Real Estate,(509) 992-7529,Jeff
16-0794,Pioneer Square Hotel Annex,,2-Jan,6088080,Venture General Contractin,(206) 939-2530,Isaac
18-1001,Polish Nails Spa,,2-Jan,,Adekco1 LLC,(206) 412-1475,Jeff
18-0421,Ponnusamy Residence Garage,,2-Jan,6578543,Pile King,,Isaac
18-0951,Portage Bay Park (aka Fritz Hedges Waterw,,2-Jan,6534351,Orion Marine Group,,Walter
18-0801,Precision Iron Works - Misc.,2018,2-Jan,,,,Isaac
18-0740,Precision Sheet Metal Fabricators Expansio,,2-Jan,6504882,"SCL Enterprises, LLC",(206) 362-1195,Isaac
19-0009,Project Bellevue,,2-Jan,,JT Property Development,(206) 334-5819,Scott
18-0577,PSE South King Complex T.I. Phase II,,2-Jan,CNST-2180830,"Hodge Construction, Inc.",(425) 864-3669,Jeff
18-0599,Queen Anne Elementary School,,2-Jan,6568320,Hensel Phelps,(321) 205-4159,Isaac
18-0933,Queen Anne Pool,,2-Jan,6616134,Biwell Construction,425-351-2669,Walter
17-0694a,"R&D Building - Third & Wall T.I., Suites 202",,2-Jan,6547696,"3443, LLC",(206) 999-0814,Isaac
18-1085,Rachel's Residence Remodel and Addition,,2-Jan,6677152-CN,Armata Construction Servic,(206) 412-4515,Jeff
18-1043,Rainier Bottling Plant - In Plane Masonry Sh,,2-Jan,,Finishing Touch Masonry &,,Jeff
18-0429,Rainier Court IV - West Apartments,,2-Jan,6538406,Venture General Contractin,(206) 900-2530,Walter
17-0260a,Rainier Court IV East Retaining Wall,"3603 35th Avenue South, Seattle",6527528,InterCity Contractors,,Walter,
17-0260b,Rainier Court IV West Retaining Wall,"3616 34th Avenue South, Seattle",6527500,InterCity Contractors,,Walter,
18-0839,Rainier Duplexes - Units C & D,"7109 Rainier Avenue, Everett",C1712-005,Reykdal Construction,(425) 750-1146,Isaac,
18-0840,Rainier Duplexes - Units E & F,"7109 Rainier Avenue, Everett",C1712-006,Reykdal Construction,(425) 750-1146,Isaac,
18-0841,Rainier Duplexes - Units G & H,"7109 Rainier Avenue, Everett",C1712-007,Reykdal Construction,(425) 750-1146,Isaac,
18-0906,Rainier Industries Turbak,"310 Washington Ave North, Kent",CNST-2181158,"Rainier Industries, Ltd.",(253) 334-9724,Isaac,
18-0827,Ravenna Townhomes,"6556 Ravenna Avenue NE, Seattle",6600656,"PSW SEATTLE, LLC",(206) 793-4230,Jeff,
18-0765,Reade14 Townhomes - 2214,"2214 14th Avenue South, Seattle",6594703,Arnon Construction Operati,(206) 353-8263,Jeff,
18-0829,Renton Daycare,"12616 Renton Avenue South, Renton",ADDC18-0183,"RB & Sons Construction, LL",(206) 799-5531,Isaac,
18-0380,Ring Custom,"4216 Shoreclub Drive, Mercer Island",1706-292,"JayMarc Custom Homes, L",(425) 417-5818,Isaac,
16-0175,Riverfront Simpson,"4312 30th Drive SE, Everett",various,Polygon Northwest,425-512-3480,Walter,
18-0767,Robbins & Co. Miscellaneous - 2018,"Various,",,,,Anthony,
17-0219,Robins Nest Apartments,"3272 Fuhrman Ave E, Seattle",6511719,SACO Construction Corpora,(425) 941-7272,Jeff,
18-0999,Robotics Cell,"1800 140th Avenue E, Sumner",n/a,Omega Riggers & Erectors,,Walter,
19-0082,Roewe Residence,"151 Ward Street, Seattle",6607581-CN,"TrueBuilders, Inc.",206-793-5289,Isaac,
18-1073,Roque Residence Foundation,"5212 104th St E, Tacoma",898466,Solid Rock Construction,(406) 853-1756,Jeff,
18-0770,Ruettgers Residence,"2030 Parkside Drive East, Seattle",6629665,"McKinney Group, Inc.",(206) 669-1230,Isaac,
16-0285,S.K.B.A. Buddhist Temple,"824 South 100th Street, Seattle",COMN13-0014,"Bay View Construction, Inc.",(206) 272-0707,Walter,
18-0253,S9-215,"215 1st Avenue North, Seattle",6583982,"Stratford Co., LLC",(206) 234-4556,Isaac,
18-1029,Sacred Circle Kiosk,"5011 Bernie Whitebear Way, Seattle",Seatac: 9626,American Paint & Coating,(425) 681-7736,Isaac,
19-0098,Sage Apartments,"1710 NW 57th Street, Seattle",6621368-CN,JMS Construction,(206) 474-6264,Isaac,
13-0593c,Sammamish High School Gateway Concess,"100 140th Avenue SE, Bellevue",,Spee West Construction,(206) 719-8097,Walter,
13-0593b,Sammamish High School South Vault,"100 140th Avenue SE, Bellevue",16-136532BH,Spee West Construction,(206) 719-8097,Walter,
13-0593d,Sammamish HS Batting Cages,"100 140th Avenue SE, Bellevue",16-136481BB,Spee West Construction,206-719-8097,Walter,
13-0593a,Sammamish HS Glass Studio,"100 140th Avenue SE, Bellevue",16-136481BB,Spee West Construction,(206) 719-4833,Walter,
18-0678,Samsel Project,"2814 Boyer Ave E, Seattle",6464898-CN,"Brightwork Builders, LLC",(206) 650-5165,Jeff,
17-0118,Sand Point Building 9,"7101 62nd Avenue NE, Seattle",6466033,"Rafn Company, Inc.",(206) 510-3836,Walter,
19-0037,Schuler Residence,"8221 SE 36th St, Mercer Island",1810-161,"RGN Construction, LLC",(206) 919-7150,Isaac,
19-0017,Scout Lake,"3129 East Ames Lake Drive NE, Redmond",DWEL17-0396,Dovetail General Contractor,(206) 473-1548,Jeff,
17-0155a,SCRI Building Cure - Structural,"1920 Terry Avenue, Seattle",6531443,"Lease Crutcher Lewis, Inc.",,Jeff,
17-0155b,SCRI Building Cure (Lease Crutcher Lewis),"1920 Terry Avenue, Seattle",,,,Jeff,
18-0169,SeaTac North Satellite,"102 Frontage Road S, Pacific",,"Precision Iron Works, Inc.",(253) 887-5555X2,Isaac,
19-0015,Seattle Children's Clinic Bellevue - X-Ray R,"1500 116th NE, Bellevue",18 129804 BZ,"Aldrich & Associates, Inc.",(206) 396-0290,Jeff,
18-0704,Seattle Genetics Building 6 Structural Upgra,"22333 29th Drive SE, Bothell",BNR2018-18690,"Lease Crutcher Lewis, Inc.",(425) 985-1913,Walter,
18-1026,Seattle Hampton,"700 5th Ave N, Seattle",6575853,Phamily Construction,(206) 954-5861,Isaac,
19-0028,Seattle Made,"SeaTac International Airport, enter C Terminal,",BLD-18-0073,"Altitude, Inc.",(206) 488-9601,Isaac,
18-0991,Seattle Modern Living,"4912 S Willow St, Seattle",394888,Hultquist Homes,(425_ 654-9694,Jeff,
18-1084,Seattle Pacific University - PT Tendon Repa,"36 Cremona Street, Bldg 6, Seattle",6578680*,Arcon Tenant Improvement,(425) 213-3306,Jeff,
18-0934,Self Storage @ Tehaleh,"15125 198th Ave E, Bonney Lake",884686,Carl J. Sanders Constructio,(206) 730-8030,Walter,
19-0091,Senegor Project,"1633 10th St W, Kirkland",BSF2018-00481,Rainier Custom Homes,(425) 999-1262,Isaac,
17-0801,Service Tunnel Renewal Project,"SeaTac International Airport, SeaTac",,James W. Fowler Company,(360) 286-4602,Jeff,
17-0801a,Service Tunnel Renewal Project (JW Fowler,", SeaTac",,,,Jeff,
18-0706,Shi/Wang Residence,"6031 77th Ave SE, Mercer Island",1607-166,"JayMarc Custom Homes, L",(425)444-2055,Isaac,
18-1045,Silverlake Apartments,"128 127th St SE, Everett",,"Moncrieff Construction, Inc.",(360) 815-1576,Jeff,
18-0705,Skal Beer Hall,"5429 Ballard Ave NW, Seattle",6629522,"Method Construction, Inc.",(408) 505-5386,Jeff,
19-0027,Skillet Diner NS-02,"SeaTac International Airport North Satellite, Se",BLD-18-0061,"Wilcox Construction, Inc.",(206) 496-8229,Jeff,
18-1036,Sleep Number - Bellevue,"1006 Bellevue Square, Bellevue",18 124291 BZ,"Timberwolff Construction, In",(909) 285-7604,Isaac,
18-1016,Snohomish County Courthouse - HBI860202,",",,"Hayward Baker, Inc.",(206) 419-9010,Jeff,
19-0079,Soft Surroundings,"3000 184th Street SW, #940, Lynnwood",BTl-019008-2018,Horizon Retail Construction,(262) 865-7704,Walter,
18-0854,Solis,"1300 E Pike, Seattle",6551143,"Cascade Built, LLC",(206) 902-7055,Isaac,
18-0351,Sound House Residence,"2231 Eastmont Way West, Seattle",6608487,"Thomaswerks, Inc.",(206) 914-9230,Isaac,
18-0869,Sound Transit U District Station N140,"4300 Brooklyn Ave NE, Seattle",N/A,University Mechanical Contr,(206) 356-1200,Isaac,
17-0992a,South Kenmore Office,"6704 NE 181st Street, Kenmore",BLD17-0810,GenCap Construction Corp.,(425) 301-6264,Jeff,
19-0038,South Lander Grade Separation,"2454 Occidental Ave S, Seattle (SDOT)",2017-025,"Flatiron West, Inc.",(425) 351-4623,Isaac,
19-0011,Souza Residence,"5219 Palatine Ave N, Seattle",6602658-CN,"Souza, Al",(206) 858-3885,Isaac,
18-1034,Space X,"22908 NE Alder Crest Drive, Redmond",n/a,Air Products and Chemicals,(360) 597-6357,Jeff,
18-0382a,Spiritwood - Unit #01,"3607 228th Avenue SE, Issaquah",BLD16-00402,Belotti McHugh Design and,(206) 229-7108,Isaac,
18-0382b,Spiritwood - Units #02 and 03,"3607 228th Avenue SE, Issaquah",BLD16-00403,Belotti McHugh Design and,(206) 229-7108,Isaac,
18-0382c,Spiritwood - Units #04 and 05,"3607 228th Avenue SE, Issaquah",BLD16-00404,Belotti McHugh Design and,(206) 229-2108,Isaac,
18-0382d,Spiritwood - Units #06 and 07,"3607 228th Avenue SE, Issaquah",BLD16-00405,Belotti McHugh Design and,(206) 229-7108,Isaac,
18-0382e,Spiritwood - Units #08 and 09,"3607 228th Avenue SE, Issaquah",BLD16-00406,Belotti McHugh Design and,(206) 229-7108,Isaac,
18-0382f,Spiritwood - Units #10 and 11,"3607 228th Avenue SE, Issaquah",BLD16-00407,Belotti McHugh Design and,(206) 229-7108,Isaac,
18-0382g,Spiritwood - Units #12 and 13,"3607 228th Avenue SE, Issaquah",BLD16-00408,Belotti McHugh Design and,(206) 229-7108,Isaac,
18-0382h,Spiritwood - Units #14 and 15,"3607 228th Avenue SE, Issaquah",BLD16-00409,Belotti McHugh Design and,(206) 229-2108,Isaac,
18-0382i,Spiritwood - Units #16 and 17,"3607 228th Avenue SE, Issaquah",BLD16-00410,Belotti McHugh Design and,(206) 229-7108,Isaac,
11-0593,SR 99 Bored Tunnel Design Build [South Po,"Alaskan Way, Seattle",,Seattle Tunnel Partners,(206) 228-6269,Jeff,
18-0918,ST Mercer Island Follow On Work (73490-0,"NW corner of N Mercer Way & 76th, Mercer Isl",N/A,Centennial Contractors Ente,(520) 631-2618,Jeff,
18-0540,St. Teresa of Calcutta Parish Expansion,"17856 Woodinville-Duvall Road, Woodinville",COMM17-0029,"Goudy Construction Co., Inc",(425) 455-1255,Jeff,
18-0807,Starboard Valentine,"6438 NE 129th Place, Kirkland",BSF18-02677,"Mountain Top Builders, LLC",(206) 601-6598,Isaac,
18-0835,Starliter Walkways,"8708 Rainier Avenue South, Seattle",6617434-CN,"Resolve Property Services,",,Isaac,
16-0489,Stewart Garage,"8218 Avalon Drive, Mercer Island",1604-016,"Kinetic Construction, Inc.",206-953-8416,Anthony,
16-0489b,Stewart House (Kinetic Construction),"8218 Avalon Drive, Mercer Island",1503-061,"Kinetic Construction, Inc.",(206) 953-8416,Anthony,
18-0812a,Stinson Rosedale Building 3781,"3781 Rosedale Street, Gig Harbor",BD-15-0166,"Stinson Rosedale, LLC",(253) 857-7055,Isaac,
18-1000,Stone - Vashon - SIR,"24930 Vashon Hwy SW, Vashon Island",,,(206) 853-6864,Isaac,
18-0880,Store-House Self Storage - Renton,"2829 NE 3rd Street gate code 7979*, Renton",B18001833,"Colvos Construction, LLC",(253) 355-2088,Isaac,
17-0942,Strohm-Hurley Residence,"1102 NW 64th Street, Seattle",6587948,Harjo Construction,(206) 715-4464,Isaac,
18-0751,STS Office Expansion,"9049 20th Ave SW, Seattle",6570133-CN,STS Construction Services,(206) 775-9887,Isaac,
18-0979,Sumner Remodel,"1123 21st Ave East, Seattle",6629526-CN,Toepfer Construction Comp,(206) 747-1674,Isaac,
19-0008,Sunrise of Bothell Deck,"10605 NE 185th St, Bothell",BNR2018-20257,M & M Green Outdoor Servi,(425) 232-3277,Jeff,
17-0772g,Sunset Court Apartments - Bike Shelter,"1140 Harrington Avenue NE, Renton",B16006738,Walsh Construction Compa,(206) 551-6594,Jeff,
17-0772a,Sunset Court Apartments - Building 1,"1140 Harrington Avenue NE, Renton",B16006421,Walsh Construction Compa,(206) 551-6594,Jeff,
17-0772b,Sunset Court Apartments - Building 2,"1130 Harrington Avenue NE, Renton",B16006420,Walsh Construction Compa,(206) 551-6594,Jeff,
17-0772c,Sunset Court Apartments - Building 3,"1124 Harrington Avenue NE, Renton",B16006419,Walsh Construction Compa,(206) 551-6594,Jeff,
17-0772d,Sunset Court Apartments - Building 4,"1158 Harrington Avenue NE, Renton",B16006418,Walsh Construction Compa,(206) 551-6594,Jeff,
17-0772h,Sunset Court Apartments - North Trash Encl,"1158 Harrington Avenue NE, Renton",B16006734,Walsh Construction Compa,,Jeff,
17-0772e,Sunset Court Apartments - Sitework,"1140 Harrington Avenue NE, Renton",16006459,Walsh Construction Compa,(206) 551-6594,Jeff,
17-0772f,Sunset Court Apartments - South Trash Enc,"1158 Harrington Avenue NE, Renton",B16006733,Walsh Construction Compa,(206) 551-6594,Jeff,
18-1037a,Sunset Gardens Bldg. A,"201 27th Ave SE, Puyallup",,Pacific Northern Constructio,(206) 735-1967,Walter,
18-1037b,Sunset Gardens Bldg. B,"201 27th Ave SE, Puyallup",,Pacific Northern Constructio,(206) 735-1967,Walter,
18-1037c,Sunset Gardens Bldg. C,"201 27th Ave SE, Puyallup",B-18-0588,Pacific Northern Constructio,(206) 735-1967,Walter,
16-0881,Tabor Dam,", Ignatius, MT",,Condon-Johnson & Associat,206-707-3876,Jeff,
18-0974,Tacoma Link Expansion Project,"Various, Tacoma",,,,Jeff,
18-1010,Tamkin Residence,"2534 34th Avene S., Seattle",,,,Scott,
18-0799,Tangled Ride [Residence],"6025 77th Ave SE, Mercer Island",1801-104,"Matthew King Construction,",(425) 923-3570,Jeff,
18-1090,Taucher Residence,"130 Waverly Way, Kirkland",BSF18-02800,Dow Built,(206) 850-1762,Jeff,
18-0504a,TCC Stair Enclosure - Bldg. 21,"825 Industry Drive, Tukwila",D18-0280,"DP, Inc.",(425) 220-4080,Isaac,
18-0504b,TCC Stair Enclosure - Bldg. 27,"825 Industry Drive, Tukwila",D18-0279,"DP, Inc.",(425) 220-4080,Isaac,
18-0938,Terminal 91 Bollard T&U (Project #105823),"2001 West Garfield Street, Seattle",6679613-CN,,,Isaac,
18-0126,"The ""AVE"" Apartments","5637 University Way NE, Seattle",6579435,"TC Consulting, Inc.",(206) 498-3917,Walter,
17-0747b,The Bond Apartments,"6000-6044 E. Lk Sammamish Pkwy NE, Redm",Bldg-2017-06098,GenCap Construction Corp.,425-628-1908,Jeff,
18-1017,The Elliot at Mukilteo Stairs - All Bldgs,"9507 49th Ave West, Mukilteo",see individual job f,"BKB Paragon NW, LLC",(214) 334-6071,Isaac,
18-1017-01,The Elliot at Mukilteo Stairs - Bldg. 01,"9507 49th Ave West #1, Mukilteo",MFR-REPAIR-201,"BKB Paragon NW, LLC",(214) 334-6071,Isaac,
18-1017-02,The Elliot at Mukilteo Stairs - Bldg. 02,"9507 49th Ave West #2, Mukilteo",MFR-REPAIR-201,"BKB Paragon NW, LLC",(214) 334-6071,Isaac,
18-1017-03,The Elliot at Mukilteo Stairs - Bldg. 03,"9507 49th Ave West #3, Mukilteo",MFR-REPAIR-201,"BKB Paragon NW, LLC",(214) 334-6071,Isaac,
18-1017-04,The Elliot at Mukilteo Stairs - Bldg. 04,"9507 49th Ave West #4, Mukilteo",MFR-REPAIR-201,"BKB Paragon NW, LLC",(214) 334-6071,Isaac,
18-1017-05,The Elliot at Mukilteo Stairs - Bldg. 05,"9507 49th Ave West #5, Mukilteo",MFR-REPAIR-201,"BKB Paragon NW, LLC",(214) 334-6071,Isaac,
18-1017-06,The Elliot at Mukilteo Stairs - Bldg. 06,"9507 49th Ave West #6, Mukilteo",MFR-REPAIR-201,"BKB Paragon NW, LLC",(214) 334-6071,Isaac,
18-1017-07,The Elliot at Mukilteo Stairs - Bldg. 07,"9507 49th Ave West #7, Mukilteo",MFR-REPAIR-201,"BKB Paragon NW, LLC",(214) 334-6071,Isaac,
18-1017-08,The Elliot at Mukilteo Stairs - Bldg. 08,"9507 49th Ave West #8, Mukilteo",MFR-REPAIR-201,"BKB Paragon NW, LLC",(214) 334-6071,Isaac,
18-1017-09,The Elliot at Mukilteo Stairs - Bldg. 09,"9507 49th Ave West #9, Mukilteo",MFR-REPAIR-201,"BKB Paragon NW, LLC",(214) 334-6071,Isaac,
18-1017-10,The Elliot at Mukilteo Stairs - Bldg. 10,"9507 49th Ave West #10, Mukilteo",MFR-REPAIR-201,"BKB Paragon NW, LLC",(214) 334-6071,Isaac,
18-1017-11,The Elliot at Mukilteo Stairs - Bldg. 11,"9507 49th Ave West #11, Mukilteo",MFR-REPAIR-201,"BKB Paragon NW, LLC",(214) 334-6071,Isaac,
18-1017-12,The Elliot at Mukilteo Stairs - Bldg. 12,"9507 49th Ave West #12, Mukilteo",MFR-REPAIR-201,"BKB Paragon NW, LLC",(214) 334-6071,Isaac,
18-1017-13,The Elliot at Mukilteo Stairs - Bldg. 13,"9507 49th Ave West #13, Mukilteo",MFR-REPAIR-201,"BKB Paragon NW, LLC",(214) 3340-6071,Isaac,
18-1017-14,The Elliot at Mukilteo Stairs - Bldg. 14,"9507 49th Ave West #14, Mukilteo",MFR-REPAIR-201,"BKB Paragon NW, LLC",(214) 334-6071,Isaac,
18-1017-15,The Elliot at Mukilteo Stairs - Bldg. 15,"9507 49th Ave West #15, Mukilteo",MFR-REPAIR-201,"BKB Paragon NW, LLC",(214) 334-6071,Isaac,
18-1017-16,The Elliot at Mukilteo Stairs - Bldg. 16,"9507 49th Ave West #16, Mukilteo",MFR-REPAIR-201,"BKB Paragon NW, LLC",(214) 334-6071,Isaac,
18-1017-17,The Elliot at Mukilteo Stairs - Bldg. 17,"9507 49th Ave West #17, Mukilteo",MFR-REPAIR-201,"BKB Paragon NW, LLC",(214) 334-6071,Isaac,
18-1017-18,The Elliot at Mukilteo Stairs - Bldg. 18,"9507 49th Ave West #18, Mukilteo",MFR-REPAIR-201,"BKB Paragon NW, LLC",(214) 334-6071,Isaac,
18-1017-19,The Elliot at Mukilteo Stairs - Bldg. 19,"9507 49th Ave West #19, Mukilteo",MFR-REPAIR-201,"BKB Paragon NW, LLC",(214) 334-6071,Isaac,
18-1017-20,The Elliot at Mukilteo Stairs - Bldg. 20,"9507 49th Ave West #20, Mukilteo",MFR-REPAIR-201,"BKB Paragon NW, LLC",(214) 334-6071,Isaac,
18-1017-21,The Elliot at Mukilteo Stairs - Bldg. 21,"9507 49th Ave West #21, Mukilteo",MFR-REPAIR-201,"BKB Paragon NW, LLC",(214) 334-6071,Isaac,
18-1017-22,The Elliot at Mukilteo Stairs - Bldg. 22,"9507 49th Ave West #22, Mukilteo",MFR-REPAIR-201,"BKB Paragon NW, LLC",(214) 334-6071,Isaac,
18-1017-23,The Elliot at Mukilteo Stairs - Bldg. 23,"9507 49th Ave West #23, Mukilteo",MFR-REPAIR-201,"BKB Paragon NW, LLC",(214) 334-6071,Isaac,
18-1017-24,The Elliot at Mukilteo Stairs - Bldg. 24,"9507 49th Ave West #24, Mukilteo",MFR-REPAIR-201,"BKB Paragon NW, LLC",(214) 334-6071,Isaac,
18-1017-25,The Elliot at Mukilteo Stairs - Bldg. 25,"9507 49th Ave West #25, Mukilteo",MFR-REPAIR-201,"BKB Paragon NW, LLC",(214) 334-6071,Isaac,
18-1017-26,The Elliot at Mukilteo Stairs - Bldg. 26,"9507 49th Ave West #26, Mukilteo",MFR-REPAIR-201,"BKB Paragon NW, LLC",(214) 334-6071,Isaac,
18-1017-27,The Elliot at Mukilteo Stairs - Bldg. 27,"9507 49th Ave West #27, Mukilteo",MFR-REPAIR-201,"BKB Paragon NW, LLC",(214) 334-6071,Isaac,
18-1017-28,The Elliot at Mukilteo Stairs - Bldg. 28,"9507 49th Ave West #28, Mukilteo",MFR-REPAIR-201,"BKB Paragon NW, LLC",(214) 334-6071,Isaac,
18-1017-29,The Elliot at Mukilteo Stairs - Bldg. 29,"9507 49th Ave West #29, Mukilteo",MFR-REPAIR-201,"BKB Paragon NW, LLC",(214) 334-6071,Isaac,
18-1017-30,The Elliot at Mukilteo Stairs - Bldg. 30,"9507 49th Ave West #30, Mukilteo",MFR-REPAIR-201,"BKB Paragon NW, LLC",(214) 334-6071,Isaac,
19-0062,The Flyway Apartments,"6718 NE 181st Street, Kenmore",BLD18-0392,GenCap Construction Corp.,(425) 324-1429,Jeff,
16-0386a,The Junction - Auburn Mechanical,"18505 Bothell Way NE, Bothell",BMU2015-11802,GenCap Construction Corp.,,Jeff,
17-0888a,The Landing at Bothell Landing - Bldg. A1 &,"??9614 NE 183rd Street, Bothell",BMF2017-16659,GenCap Construction Corp.,(425) 495-5936,Jeff,
17-0888c,The Landing at Bothell Landing - Bldg. C1,"18308 96th Avenue NE, Bothell",BMF2017-17346,GenCap Construction Corp.,(425) 495-5936,Jeff,
17-0888e,The Landing at Bothell Landing - Bldg. C2,"18314 96th Avneue NE, Bothell",BMF2018-18972,GenCap Construction Corp.,(425) 495-5936,Jeff,
17-0888f,The Landing at Bothell Landing - Bldg. C3,"18314 96th Avenue NE, Bothell",BMF2018-18978,GenCap Construction Corp.,(425) 495-5936,Jeff,
17-0888d,The Landing at Bothell Landing - Bldg. F1,"18314 96th Ave NE, Bothell",BMF2017-17906,GenCap Construction Corp.,(425) 495-5936,Jeff,
17-0888b,The Landing at Bothell Landing - Bldg. F2,"18308 96th Avenue NE, Bothell",BMF2017-18082,GenCap Construction Corp.,(425) 495-5936,Jeff,
19-0025,The New Stand,"SeaTac International Airport North Satellite, Se",BLD-18-0068,"Altitude, Inc.",(206) 488-9601 / (,Isaac,
17-0406,The Pinnacle @ Alki,"1118 Alki Avenue SW, Seattle",6510595,"Crestline Builders, LLC",(206) 834-5408,Isaac,
18-0198,The Pop - Lot P North,"9634 Thorsk Street, Bothell",BNR2017-17902,GenCap Construction Corp.,,Jeff,
19-0067,The Ridge Townhomes,"22328 88th Ave S, Kent",CNST-2181273,Polygon Northwest,(425) 766-9248,Jeff,
19-0013,The Stables (Storage Shed & Venue),"980 S. Nebraska Street, Seattle",6494573-CN,H Dufour Construction Inc.,(206) 369-3395,Jeff,
18-0618,The Walk Condominiums - All Bldgs,"Various, Kirkland",,"Milestone Northwest, LLC",(425) 422-5358,Jeff,
18-0618g,The Walk Condominiums Lot 10,"734 4th Ct S, Kirkland",BSF18-03684,"Milestone Northwest, LLC",(425) 422-5358,Jeff,
18-0618h,The Walk Condominiums Lot 11,"736 4th Ct S, Kirkland",BSF18-03684,"Milestone Northwest, LLC",(425) 422-5358,Jeff,
18-0618i,The Walk Condominiums Lot 12,"738 4th Ct S, Kirkland",BSF18-03649,"Milestone Northwest, LLC",(425) 422-5358,Jeff,
18-0618e,The Walk Condominiums Lot 15,"735 4th Ct S, Kirkland",BSF18-06088,"Milestone Northwest, LLC",(425) 422-5358,Jeff,
18-0618f,The Walk Condominiums Lot 16,"431 7th Ave S, Kirkland",,"Milestone Northwest, LLC",(425) 422-5358,Jeff,
18-0618c,The Walk Condominiums Lot 4,"405 7th Ave S, Kirkland",BSF18-01419,"Milestone Northwest, LLC",(425) 422-5358,Jeff,
18-0618d,The Walk Condominiums Lot 5,"728 4th Ct S, Kirkland",BSF18-01942,"Milestone Northwest, LLC",(425) 422-5358,Jeff,
17-0957,Tiny Dancer,"3855 21st Avenue SW, Seattle",6550850,"Greenstream Investments,",360-770-4000,Isaac,
18-0014,T-Mobile Bellevue Lab Phase 1 Expansion,"1759 135th Place NE, Bellevue",17-117453 BM,Turner Construction Co.,(206) 255-1391,Isaac,
18-0014b,T-Mobile Bellevue Lab Phase 1 Expansion -,"1759 135th Place NE, Bellevue",17-117453 BM,,,Isaac,
18-1028,T-Mobile Newport Tower Studio,"3617 131st Ave SE, Bellevue",18 126514 BZ,ASI Structures,(206) 227-9334,Isaac,
18-0993,T-Mobile Terrace,"3617 131st Ave SE, Bellevue",18-120829 BZ,ASI Structures,(206) 641-5309,Isaac,
18-0384,Two Pine - Cladding,"1601 2nd Ave, Seattle",6615982,"Rafn Company, Inc.",,Walter,
18-0384a,Two Pine - Interior and Elevator Improveme,"1601 2nd Avenue, Seattle",6644824-CN,"Rafn Company, Inc.",,Walter,
18-0384b,Two Pine - Mechanical Platform,"1601 2nd Avenue, Seattle",6631627-ME,"Rafn Company, Inc.",,Walter,
18-1078,U00312 - CTE,"See Notes, Everett",BLD-PP-18-0064,PCL Construction Services -,,Isaac,
18-1025,U-Haul Moving and Storage of Duwamish,"2925 South 112th Street, Tukwila",,,,Walter,
19-0039,Universal Life Church,"2720 1st Ave S, Seattle",6693535,"Toellner Construction, LLC",(253) 380-2004,Jeff,
18-0520,"University Flats, LLC","4710 20th Avenue NE, Seattle",6578273,"Clark Construction, LLC",(206) 794-9395,Isaac,
18-0855,University Unitarian Church,"6556 35th Avenue NE, Seattle",6604358-CN,"BN Builders, Inc.",(206) 327-8815,Isaac,
18-0262,Uptown 30,"30 6th Street, Kirkland",,"NW Investment Builders, LL",(206) 255-0782,Isaac,
18-0266,Uptown 38,"38 6th Street, Kirkland",BSF17-05312,"NW Investment Builders, LL",(206) 255-0782,Isaac,
18-0750,Urban Edge Alki Beach,"2116 Alki Avenue SW, Seattle",6525740,Valor Builds,(206) 853-8055,Jeff,
18-0990,Urban Gyros,"230 Fairview Ave N, Seattle",6637940,"Pacific Partners, LLC",(206) 255-9554,Jeff,
16-0363,UW New Burke Museum (Construction Phas,"4300 15th Avenue NE, Seattle",6432435,Skanska USA Commercial,206-473-9420,Anthony,
19-0086,UW New Burke Museum (Phase Three),"4300 15th Avenue NE, Seattle",,Skanska USA Commercial,(206) 473-9420,Anthony,
17-0034,UW North Campus Building B (Madrona Hal,"4320 Whitman Lane NE, Seattle",6495139,WG Clark Construction Co,,Anthony,
17-0010,UW North Campus Building C (McCarty Hall,"4318 Whitman CT NE, Seattle",6495140,WG Clark Construction Co,,Anthony,
16-0735,UW North Campus Building D (Willow Hall),"4318 Whitman Ct E, Seattle",6467051,WG Clark Construction Co,,Anthony,
18-0084,UW North Campus RDH Testing (all buildin,"Various, Seattle",n/a,WG Clark Construction Co,,Anthony,
18-1050,UW Parrington Hall - Brick Shear Testing,"4105 George Washington Lane Northeast, Sea",n/a,,(206) 375-3781,Jeff,
18-0469a,UW Population Health Facility - Structural,"4000 & 3980 15th Avenue NE, Seattle",6601369,"Lease Crutcher Lewis, Inc.",(206) 730-2495,Anthony,
17-0199,VA Puget Sound Upgrade Electrical Distribu,"1660 S. Columbian Way, Seattle",663-15-102,"Helix Electric, Inc.",(858) 405-5026,Isaac,
18-0763,Vail Apartments,"17962 Midvale Avenue North, Shoreline",121288,Compass General Construct,(651) 587-4758,Jeff,
18-1003,Van Breda Residence,"12225 SE 25th St, Bellevue",18 129969 BK,Blox Construction,(206) 605-2632,Jeff,
18-0333,Vashon Addition,"17607 Vashon Highway SW, Vashon",ADDC17-0552,"Metis Construction, Inc.",,Isaac,
18-0926,vCita Plaza Center Bellevue,"10900 NE 8th, Suite 1490, Bellevue",,"My-Way Construction, LLC",(206) 919-2878,Jeff,
19-0026,Vertical World North,"12300 Beverly Park Road, Lynnwood",,,(425) 366-8044,Anthony,
18-0727,Vertigo Condominiums,"705 E Republican St, Seattle",6624544,"Tatley-Grund, Inc.",(206) 454-9164,Isaac,
18-0400,Village at Totem Lake Phase II,"12560-12632 120th Ave NE, Kirkland",BMU17-06261,"Fairfield Totem Lake, LLC",(678) 410-4182,Walter,
18-0779,Vision House - Jacob's Well,"19630 20th Avenue NE, Shoreline",125935,Polygon Northwest,425-766-3716,Walter,
19-0097,Waldhaus,"921 38th Ave, Seattle",6670760-CN,"ABKJ, Inc.",(206) 890-6335 &,Isaac,
19-0061,Walgreens 6259,"9456 16th Ave SW, Seattle",6649392-ME,AES Mechanical Services G,(206) 733-9923,Jeff,
18-1055,Walker Street Seismic Retrofit,"610 S Walker St, Seattle",6621515-CN,"Precision Builders, Inc.",(206) 396-1527,Isaac,
18-0953,Washington Cement Masons Apprenticeship,"6737 Corson Avenue South, Building D, Seattl",N/A,,,Anthony,
18-0970,Washington Park,"80 S. Washington Street, Seattle",,,,Isaac,
18-0359a,Washington Square Towers One,"10610 NE 9th Place, Bellevue",17 128107 BZ,Porter Construction Inc.,,Walter,
18-0359b,Washington Square Towers Two,"10650 NE 9th Place, Bellevue",17 128109 BZ,Porter Construction Inc.,,Walter,
19-0006,Wells Fargo - Bellevue Civica - SIR,"205 108th Avenue, Bellevue",,,,Jeff,
19-0095,Wells Fargo Seattle Tower Re-Stack,"999 3rd Avenue, Seattle",6646969-CN,"Swinerton Builders, Inc.",,Jeff,
17-0528,Werner,"3046 17th Ave W, Seattle",6509754,Kamin Excavation/Commer,(206) 753-9891,Isaac,
18-0888,West Lake Kathleen Water Main Improvem,"various*(see map), Renton",17911 128,RW Scott Construction,(253)508-2741,Isaac,
18-0731,West Precinct Chiller Replacement,"810 Virginia Street, Seattle",6607386,Western Ventures Construct,(206) 578-2848,Jeff,
17-0859w,Westridge Townhomes SFS Trail,"n/a, Issaquah",LAN17-00003,Polygon Northwest,(425) 766-2053,Walter,
17-0859,Westridge Townhomes South - All Buildings,"519 NE Ellis Drive, Issaquah",BLD17-00159,Polygon Northwest,(425) 766-2053,Walter,
17-0859a,Westridge Townhomes South - Bldg. 01,"519 NE Ellis Drive, Issaquah",BLD18-00126,Polygon Northwest,(425) 766-2053,Walter,
17-0859b,Westridge Townhomes South - Bldg. 02,"585 NE Ellis Drive, Issaquah",(pending),Polygon Northwest,(425) 766-2053,Walter,
17-0859c,Westridge Townhomes South - Bldg. 03,"570 NE Daisy Walk, Issaquah",(pending),Polygon Northwest,(425) 766-2053,Walter,
17-0859d,Westridge Townhomes South - Bldg. 04,"952 6th Walk NE, Issaquah",(pending),Polygon Northwest,(425) 766-2053,Walter,
17-0859e,Westridge Townhomes South - Bldg. 05,"924 6th Walk NE, Issaquah",(pending),Polygon Northwest,(425) 766-2053,Walter,
17-0859f,Westridge Townhomes South - Bldg. 06,"908 6th Walk NE, Issaquah",BLD17-00159,Polygon Northwest,(425) 766-2053,Walter,
17-0859g,Westridge Townhomes South - Bldg. 07,"987 6th Avenue NE, Issaquah",BLD18-00129,Polygon Northwest,(425) 766-2053,Walter,
17-0859h,Westridge Townhomes South - Bldg. 08,"967 6th Avenue NE, Issaquah",(pending),Polygon Northwest,(425) 766-2053,Walter,
17-0859i,Westridge Townhomes South - Bldg. 09,"941 6th Avenue NE, Issaquah",(pending),Polygon Northwest,(425) 766-2053,Walter,
17-0859j,Westridge Townhomes South - Bldg. 10,"925 6th Avenue NE, Issaquah",(pending),Polygon Northwest,(425) 766-2053,Walter,
17-0859k,Westridge Townhomes South - Bldg. 11,"978 6th Avenue NE, Issaquah",BLD17-00419,Polygon Northwest,(425) 766-2053,Walter,
17-0859l,Westridge Townhomes South - Bldg. 12,"954 6th Avenue NE, Issaquah",BLD17-00420,Polygon Northwest,(425) 766-2053,Walter,
17-0859m,Westridge Townhomes South - Bldg. 13,"922 6th Avenue NE, Issaquah",BLD17-00389,Polygon Northwest,(425) 766-2053,Walter,
17-0859n,Westridge Townhomes South - Bldg. 14,"902 6th Avenue NE, Issaquah",BLD17-00390,Polygon Northwest,(425) 766-2053,Walter,
17-0859o,Westridge Townhomes South - Bldg. 15,"989 7th Avenue NE, Issaquah",BLD17-00421,Polygon Northwest,(425) 766-2053,Walter,
17-0859p,Westridge Townhomes South - Bldg. 16,"965 7th Avenue NE, Issaquah",BLD17-00422,Polygon Northwest,(425) 766-2053,Walter,
17-0859q,Westridge Townhomes South - Bldg. 17,"943 7th Avenue NE, Issaquah",BLD17-00391,Polygon Northwest,(425) 766-2053,Walter,
17-0859r,Westridge Townhomes South - Bldg. 18,"923 7th Avenue NE, Issaquah",BLD17-00392,Polygon Northwest,(425) 766-2053,Walter,
17-0859s,Westridge Townhomes South - Bldg. 19,"924 7th Avenue NE, Issaquah",BLD17-00201,Polygon Northwest,(425) 766-2053,Walter,
17-0859t,Westridge Townhomes South - Bldg. 20,"904 7th Avenue NE, Issaquah",BLD17-00192,Polygon Northwest,(425) 766-2053,Walter,
17-0859u,Westridge Townhomes South - Bldg. 21,"941 8th Avenue NE, Issaquah",BLD17-00191,Polygon Northwest,(425) 766-2053,Walter,
17-0859v,Westridge Townhomes South - Bldg. 22,"923 8th Avenue NE, Issaquah",BLD17-00189,Polygon Northwest,(425) 766-2053,Walter,
18-0733,Westrock Chip Thickness Screening Project,"801 East Portland Avenue, Tacoma",BLDCA18-0214,,,Walter,
17-0792a,Westview - Bldg. 1,"9319 S 243rd Street, Kent",CNST-2171350,"Schneider Homes, Inc.",(253) 508-1069,Isaac,
17-0792b,Westview - Bldg. 2,"24232 93rd Ct S, Kent",CNST-2171353,"Schneider Homes, Inc.",(253) 508-1069,Isaac,
17-0792c,Westview - Bldg. 3,"24214 93rd Ct S, Kent",CNST-217352,"Schneider Homes, Inc.",(253) 508-1069,Isaac,
17-0792d,Westview - Bldg. 4,"24206 93rd Ct S, Kent",CNST-2171354,"Schneider Homes, Inc.",(253) 508-1069,Isaac,
17-0792e,Westview - Bldg. 5,"24201 93rd Ct S, Kent",CNST-2172072,"Schneider Homes, Inc.",(253) 508-1069,Isaac,
18-0325,Willows Preparatory School,"12280 Redmond-Woodinville Rd, Redmond",BLDG-2017-0309,"Foushee and Associates, In",(425) 941-7965,Isaac,
18-1040,Willows Run Lobby,"9840 Willows Run Road, Redmond",BLDG-2018-0537,Osborne Construction Com,(208) 308-1204,Isaac,
18-1033,Winsome Trading Inc. Addition,"16111 Woodinville-Redmond Rd NE, Woodinvi",BLD17100,Metropolitan Contracting,206-941-0416,Isaac,
18-0976,WS7 - Parcel B - Puget Blvd. Housing,"4849 21st Avenue SW*, Seattle",6543734,"Better Image, LLC",(206) 941-1423,Isaac,
18-0831,WTC-1 Second Floor HVAC Upgrade,"14500 NE 87th Street, Redmond",,"Corti Construction, Inc.",(425) 466-1119,Isaac,
18-0967,Wyss Residence,"8531 SE 80th Street, Mercer Island",1609-262,"Karlstrom Associates, Inc.",(206) 890-9307,Isaac,
18-0358,Yale Flats,"2227 Yale Ave E, Seattle",6506218,"Cascade Built, LLC",(412) 498-3662,Jeff,
18-0989,Young Retrofit,"12911 NE 76th Street, Kirkland",,"A-FFIX, LLC - RETAINER R",(206) 227-4869,Jeff,
18-1023,Z Residence (Suzanna),"10419 NE 198th St, Bothell",,"Seismic Northwest, LP",(206) 899-7148,Isaac,
18-0978,Zayo Spec Building 234,"234 9th Ave, Seattle",365472,Southwestern Construction,(425) 280-2898,Jeff,
17-0779,Zeasman Residence,"3207 Point Place SW, Seattle",6455966,,,Isaac,
18-0328,Zhang Sun Residence,"9780 NE 13th Street, Clyde Hill",BLDG2017-0088,Madrona Custom Homes,(425) 449-3643,Jeff,
18-1006,Zhao Residence,"18834 SE 42nd Street, Issaquah",BLD18-00210,PVF Construction,,Isaac,
19-0077,Zillow 42nd Floor Assembly,"1301 2nd Ave Floor 42, Seattle",6692226-CN,Unimark Construction Grou,(206) 786-5371,Isaac,
